0,0.0156419581933312,0,0,0
0.0005,0.0543291226327563,-0,-0,-0
0.001,0.109274095737298,-0,-0,-0
0.0015,0.175094335889413,-0,-0,-0
0.002,0.244749466114344,-0,-0,-0
0.0025,0.31213326301482,-0,-0,-0
0.003,0.373942637229634,-0,-0,-0
0.0035,0.430058134307512,-0,-0,-0
0.004,0.482484391494972,-0,-0,-0
0.0045,0.533603757138643,-0,-0,-0
0.005,0.584720293611882,-0,-0,-0
0.0055,0.635549589100353,-0,-0,-0
0.006,0.684692296849489,-0,-0,-0
0.0065,0.730601322774496,-0,-0,-0
0.007,0.772393140399866,-0,-0,-0
0.0075,0.810086921842825,-0,-0,-0
0.008,0.844274083061895,-0,-0,-0
0.0085,0.875547173652835,-0,-0,-0
0.009,0.904079472459948,-0,-0,-0
0.0095,0.929564593431984,-0,-0,-0
0.01,0.951461198858876,-0,-0,-0
0.0105,0.969319372515105,-0,-0,-0
0.011,0.982972752951446,-0,-0,-0
0.0115,0.992517762562536,-0,-0,-0
0.012,0.998151737019325,-0,-0,-0
0.0125,1.0000083700115,-0,-0,-0
0.013,0.998091356927874,-0,-0,-0
0.0135,0.992316744620841,-0,-0,-0
0.014,0.982603363947838,-0,-0,-0
0.0145,0.968939299845137,-0,-0,-0
0.015,0.951390877929741,-0,-0,-0
0.0155,0.930068931937668,-0,-0,-0
0.016,0.905089952381626,-0,-0,-0
0.0165,0.876559586700886,-0,-0,-0
0.017,0.844577493116671,-0,-0,-0
0.0175,0.809256124735799,-0,-0,-0
0.018,0.77074099214455,-0,-0,-0
0.0185,0.729184096975372,-0,-0,-0
0.019,0.684749445307958,-0,-0,-0
0.0195,0.637612400412178,-0,-0,-0
0.02,0.587958990669369,-0,-0,-0
0.0205,0.535985175403299,-0,-0,-0
0.021,0.481896071518247,-0,-0,-0
0.0215,0.425905143996286,-0,-0,-0
0.022,0.368233363448523,-0,-0,-0
0.0225,0.309108334045051,-0,-0,-0
0.023,0.248763395265267,-0,-0,-0
0.0235,0.187436701013556,-0,-0,-0
0.024,0.125370279734629,-0,-0,-0
0.0245,0.0628090792378208,-0,-0,-0
0.025,2.14885564763749e-16,-0,-0,-0
0.0255,-0.0628090792378204,-0,-0,-0
0.026,-0.125370279734628,-0,-0,-0
0.0265,-0.187436701013556,-0,-0,-0
0.027,-0.248763395265267,-0,-0,-0
0.0275,-0.30910833404505,-0,-0,-0
0.028,-0.368233363448523,-0,-0,-0
0.0285,-0.425905143996286,-0,-0,-0
0.029,-0.481896071518247,-0,-0,-0
0.0295,-0.535985175403299,-0,-0,-0
0.03,-0.587958990669369,-0,-0,-0
0.0305,-0.637612400412178,-0,-0,-0
0.031,-0.684749445307958,-0,-0,-0
0.0315,-0.729184096975372,-0,-0,-0
0.032,-0.77074099214455,-0,-0,-0
0.0325,-0.809256124735799,-0,-0,-0
0.033,-0.844577493116671,-0,-0,-0
0.0335,-0.876565699982966,-0,-0,-0
0.034,-0.905094502496203,-0,-0,-0
0.0345,-0.930051310506433,-0,-0,-0
0.035,-0.951337630894121,-0,-0,-0
0.0355,-0.968869456277491,-0,-0,-0
0.036,-0.982577596551285,-0,-0,-0
0.0365,-0.992407951948495,-0,-0,-0
0.037,-0.99832172654743,-0,-0,-0
0.0375,-1.0002955813815,-0,-0,-0
0.038,-0.99832172654743,-0,-0,-0
0.0385,-0.992407951948495,-0,-0,-0
0.039,-0.982577596551285,-0,-0,-0
0.0395,-0.968869456277491,-0,-0,-0
0.04,-0.951337630894121,-0,-0,-0
0.0405,-0.930051310506432,-0,-0,-0
0.041,-0.905094502496202,-0,-0,-0
0.0415,-0.876565699982965,-0,-0,-0
0.042,-0.844577493116671,-0,-0,-0
0.0425,-0.809256124735799,-0,-0,-0
0.043,-0.77074099214455,-0,-0,-0
0.0435,-0.729184096975372,-0,-0,-0
0.044,-0.684749445307958,-0,-0,-0
0.0445,-0.637612400412179,-0,-0,-0
0.045,-0.587958990669369,-0,-0,-0
0.0455,-0.5359851754033,-0,-0,-0
0.046,-0.481896071518247,-0,-0,-0
0.0465,-0.425905143996286,-0,-0,-0
0.047,-0.368233363448523,-0,-0,-0
0.0475,-0.309108334045051,-0,-0,-0
0.048,-0.248763395265267,-0,-0,-0
0.0485,-0.187436701013557,-0,-0,-0
0.049,-0.125370279734629,-0,-0,-0
0.0495,-0.0628090792378208,-0,-0,-0
0.05,-1.49708553851363e-16,-0,-0,-0
0.0505,0.0628090792378204,-0,-0,-0
0.051,0.125370279734628,-0,-0,-0
0.0515,0.187436701013556,-0,-0,-0
0.052,0.248763395265267,-0,-0,-0
0.0525,0.30910833404505,-0,-0,-0
0.053,0.368233363448523,-0,-0,-0
0.0535,0.425905143996286,-0,-0,-0
0.054,0.481896071518247,-0,-0,-0
0.0545,0.535985175403299,-0,-0,-0
0.055,0.587958990669369,-0,-0,-0
0.0555,0.637612400412179,-0,-0,-0
0.056,0.684749445307958,-0,-0,-0
0.0565,0.729184096975372,-0,-0,-0
0.057,0.77074099214455,-0,-0,-0
0.0575,0.809256124735799,-0,-0,-0
0.058,0.844577493116671,-0,-0,-0
0.0585,0.876565699982965,-0,-0,-0
0.059,0.905094502496202,-0,-0,-0
0.0595,0.930051310506433,-0,-0,-0
0.06,0.951337630894121,-0,-0,-0
0.0605,0.968869456277491,-0,-0,-0
0.061,0.982577596551285,-0,-0,-0
0.0615,0.992407951948495,-0,-0,-0
0.062,0.99832172654743,-0,-0,-0
0.0625,1.0002955813815,-0,-0,-0
0.063,0.99832172654743,-0,-0,-0
0.0635,0.992407951948495,-0,-0,-0
0.064,0.982577596551285,-0,-0,-0
0.0645,0.968869456277492,-0,-0,-0
0.065,0.951337630894121,-0,-0,-0
0.0655,0.930051310506433,-0,-0,-0
0.066,0.905094502496203,-0,-0,-0
0.0665,0.876565699982965,-0,-0,-0
0.067,0.844577493116671,-0,-0,-0
0.0675,0.809256124735799,-0,-0,-0
0.068,0.77074099214455,-0,-0,-0
0.0685,0.729184096975371,-0,-0,-0
0.069,0.684749445307958,-0,-0,-0
0.0695,0.637612400412178,-0,-0,-0
0.07,0.587958990669369,-0,-0,-0
0.0705,0.5359851754033,-0,-0,-0
0.071,0.481896071518248,-0,-0,-0
0.0715,0.425905143996287,-0,-0,-0
0.072,0.368233363448524,-0,-0,-0
0.0725,0.309108334045052,-0,-0,-0
0.073,0.248763395265268,-0,-0,-0
0.0735,0.187436701013557,-0,-0,-0
0.074,0.125370279734629,-0,-0,-0
0.0745,0.0628090792378213,-0,-0,-0
0.075,6.81824664254643e-16,-0,-0,-0
0.0755,-0.06280907923782,-0,-0,-0
0.076,-0.125370279734628,-0,-0,-0
0.0765,-0.187436701013556,-0,-0,-0
0.077,-0.248763395265266,-0,-0,-0
0.0775,-0.30910833404505,-0,-0,-0
0.078,-0.368233363448523,-0,-0,-0
0.0785,-0.425905143996286,-0,-0,-0
0.079,-0.481896071518247,-0,-0,-0
0.0795,-0.535985175403299,-0,-0,-0
0.08,-0.587958990669369,-0,-0,-0
0.0805,-0.637612400412178,-0,-0,-0
0.081,-0.684749445307958,-0,-0,-0
0.0815,-0.729184096975372,-0,-0,-0
0.082,-0.77074099214455,-0,-0,-0
0.0825,-0.809256124735799,-0,-0,-0
0.083,-0.844577493116671,-0,-0,-0
0.0835,-0.876565699982966,-0,-0,-0
0.084,-0.905094502496203,-0,-0,-0
0.0845,-0.930051310506433,-0,-0,-0
0.085,-0.951337630894121,-0,-0,-0
0.0855,-0.968869456277491,-0,-0,-0
0.086,-0.982577596551285,-0,-0,-0
0.0865,-0.992407951948495,-0,-0,-0
0.087,-0.99832172654743,-0,-0,-0
0.0875,-1.0002955813815,-0,-0,-0
0.088,-0.99832172654743,-0,-0,-0
0.0885,-0.992407951948495,-0,-0,-0
0.089,-0.982577596551285,-0,-0,-0
0.0895,-0.968869456277492,-0,-0,-0
0.09,-0.951337630894121,-0,-0,-0
0.0905,-0.930051310506433,-0,-0,-0
0.091,-0.905094502496203,-0,-0,-0
0.0915,-0.876565699982966,-0,-0,-0
0.092,-0.844577493116671,-0,-0,-0
0.0925,-0.809256124735799,-0,-0,-0
0.093,-0.77074099214455,-0,-0,-0
0.0935,-0.729184096975372,-0,-0,-0
0.094,-0.684749445307958,-0,-0,-0
0.0945,-0.637612400412178,-0,-0,-0
0.095,-0.587958990669369,-0,-0,-0
0.0955,-0.535985175403299,-0,-0,-0
0.096,-0.481896071518247,-0,-0,-0
0.0965,-0.425905143996286,-0,-0,-0
0.097,-0.368233363448523,-0,-0,-0
0.0975,-0.309108334045051,-0,-0,-0
0.098,-0.248763395265267,-0,-0,-0
0.0985,-0.187436701013557,-0,-0,-0
0.099,-0.125370279734629,-0,-0,-0
0.0995,-0.0628090792378205,-0,-0,-0
0.1,3.15679741906037e-16,-0,-0,-0
0.1005,0.062809079237821,-0,-0,-0
0.101,0.125370279734629,-0,-0,-0
0.1015,0.187436701013556,-0,-0,-0
0.102,0.248763395265267,-0,-0,-0
0.1025,0.30910833404505,-0,-0,-0
0.103,0.368233363448522,-0,-0,-0
0.1035,0.425905143996285,-0,-0,-0
0.104,0.481896071518246,-0,-0,-0
0.1045,0.535985175403298,-0,-0,-0
0.105,0.587958990669368,-0,-0,-0
0.1055,0.637612400412178,-0,-0,-0
0.106,0.684749445307958,-0,-0,-0
0.1065,0.729184096975371,-0,-0,-0
0.107,0.770740992144549,-0,-0,-0
0.1075,0.809256124735798,-0,-0,-0
0.108,0.84457749311667,-0,-0,-0
0.1085,0.876565699982965,-0,-0,-0
0.109,0.905094502496202,-0,-0,-0
0.1095,0.930051310506433,-0,-0,-0
0.11,0.951337630894121,-0,-0,-0
0.1105,0.968869456277491,-0,-0,-0
0.111,0.982577596551285,-0,-0,-0
0.1115,0.992407951948495,-0,-0,-0
0.112,0.99832172654743,-0,-0,-0
0.1125,1.0002955813815,-0,-0,-0
0.113,0.99832172654743,-0,-0,-0
0.1135,0.992407951948495,-0,-0,-0
0.114,0.982577596551285,-0,-0,-0
0.1145,0.968869456277492,-0,-0,-0
0.115,0.951337630894121,-0,-0,-0
0.1155,0.930051310506432,-0,-0,-0
0.116,0.905094502496203,-0,-0,-0
0.1165,0.876565699982965,-0,-0,-0
0.117,0.844577493116671,-0,-0,-0
0.1175,0.809256124735799,-0,-0,-0
0.118,0.770740992144551,-0,-0,-0
0.1185,0.729184096975373,-0,-0,-0
0.119,0.684749445307959,-0,-0,-0
0.1195,0.637612400412179,-0,-0,-0
0.12,0.58795899066937,-0,-0,-0
0.1205,0.5359851754033,-0,-0,-0
0.121,0.481896071518248,-0,-0,-0
0.1215,0.425905143996287,-0,-0,-0
0.122,0.368233363448524,-0,-0,-0
0.1225,0.309108334045051,-0,-0,-0
0.123,0.248763395265268,-0,-0,-0
0.1235,0.187436701013557,-0,-0,-0
0.124,0.125370279734629,-0,-0,-0
0.1245,0.0628090792378214,-0,-0,-0
0.125,7.98945603937389e-16,-0,-0,-0
0.1255,-0.0628090792378199,-0,-0,-0
0.126,-0.125370279734628,-0,-0,-0
0.1265,-0.187436701013556,-0,-0,-0
0.127,-0.248763395265267,-0,-0,-0
0.1275,-0.309108334045051,-0,-0,-0
0.128,-0.368233363448524,-0,-0,-0
0.1285,-0.425905143996287,-0,-0,-0
0.129,-0.481896071518247,-0,-0,-0
0.1295,-0.535985175403299,-0,-0,-0
0.13,-0.587958990669368,-0,-0,-0
0.1305,-0.637612400412178,-0,-0,-0
0.131,-0.684749445307958,-0,-0,-0
0.1315,-0.729184096975372,-0,-0,-0
0.132,-0.770740992144551,-0,-0,-0
0.1325,-0.809256124735799,-0,-0,-0
0.133,-0.844577493116671,-0,-0,-0
0.1335,-0.876565699982966,-0,-0,-0
0.134,-0.905094502496202,-0,-0,-0
0.1345,-0.930051310506433,-0,-0,-0
0.135,-0.951337630894121,-0,-0,-0
0.1355,-0.968869456277491,-0,-0,-0
0.136,-0.982577596551285,-0,-0,-0
0.1365,-0.992407951948495,-0,-0,-0
0.137,-0.99832172654743,-0,-0,-0
0.1375,-1.0002955813815,-0,-0,-0
0.138,-0.99832172654743,-0,-0,-0
0.1385,-0.992407951948495,-0,-0,-0
0.139,-0.982577596551285,-0,-0,-0
0.1395,-0.968869456277491,-0,-0,-0
0.14,-0.951337630894121,-0,-0,-0
0.1405,-0.930051310506432,-0,-0,-0
0.141,-0.905094502496203,-0,-0,-0
0.1415,-0.876565699982966,-0,-0,-0
0.142,-0.844577493116672,-0,-0,-0
0.1425,-0.8092561247358,-0,-0,-0
0.143,-0.770740992144552,-0,-0,-0
0.1435,-0.729184096975374,-0,-0,-0
0.144,-0.68474944530796,-0,-0,-0
0.1445,-0.637612400412179,-0,-0,-0
0.145,-0.58795899066937,-0,-0,-0
0.1455,-0.5359851754033,-0,-0,-0
0.146,-0.481896071518248,-0,-0,-0
0.1465,-0.425905143996288,-0,-0,-0
0.147,-0.368233363448526,-0,-0,-0
0.1475,-0.309108334045053,-0,-0,-0
0.148,-0.24876339526527,-0,-0,-0
0.1485,-0.187436701013558,-0,-0,-0
0.149,-0.12537027973463,-0,-0,-0
0.1495,-0.0628090792378213,-0,-0,-0
0.15,-4.98062383015256e-16,-0,-0,-0
0.1505,0.0628090792378199,-0,-0,-0
0.151,0.125370279734627,-0,-0,-0
0.1515,0.187436701013554,-0,-0,-0
0.152,0.248763395265265,-0,-0,-0
0.1525,0.309108334045048,-0,-0,-0
0.153,0.368233363448522,-0,-0,-0
0.1535,0.425905143996285,-0,-0,-0
0.154,0.481896071518247,-0,-0,-0
0.1545,0.535985175403299,-0,-0,-0
0.155,0.587958990669368,-0,-0,-0
0.1555,0.637612400412178,-0,-0,-0
0.156,0.684749445307957,-0,-0,-0
0.1565,0.729184096975371,-0,-0,-0
0.157,0.770740992144549,-0,-0,-0
0.1575,0.809256124735799,-0,-0,-0
0.158,0.844577493116671,-0,-0,-0
0.1585,0.876565699982966,-0,-0,-0
0.159,0.905094502496203,-0,-0,-0
0.1595,0.930051310506433,-0,-0,-0
0.16,0.951337630894121,-0,-0,-0
0.1605,0.968869456277491,-0,-0,-0
0.161,0.982577596551285,-0,-0,-0
0.1615,0.992407951948495,-0,-0,-0
0.162,0.99832172654743,-0,-0,-0
0.1625,1.0002955813815,-0,-0,-0
0.163,0.99832172654743,-0,-0,-0
0.1635,0.992407951948495,-0,-0,-0
0.164,0.982577596551285,-0,-0,-0
0.1645,0.968869456277492,-0,-0,-0
0.165,0.951337630894121,-0,-0,-0
0.1655,0.930051310506432,-0,-0,-0
0.166,0.905094502496202,-0,-0,-0
0.1665,0.876565699982964,-0,-0,-0
0.167,0.84457749311667,-0,-0,-0
0.1675,0.809256124735798,-0,-0,-0
0.168,0.77074099214455,-0,-0,-0
0.1685,0.729184096975372,-0,-0,-0
0.169,0.684749445307958,-0,-0,-0
0.1695,0.637612400412178,-0,-0,-0
0.17,0.587958990669368,-0,-0,-0
0.1705,0.535985175403298,-0,-0,-0
0.171,0.481896071518246,-0,-0,-0
0.1715,0.425905143996285,-0,-0,-0
0.172,0.368233363448524,-0,-0,-0
0.1725,0.309108334045053,-0,-0,-0
0.173,0.24876339526527,-0,-0,-0
0.1735,0.18743670101356,-0,-0,-0
0.174,0.125370279734632,-0,-0,-0
0.1745,0.0628090792378235,-0,-0,-0
0.175,1.96606762434573e-15,-0,-0,-0
0.1755,-0.0628090792378193,-0,-0,-0
0.176,-0.125370279734627,-0,-0,-0
0.1765,-0.187436701013555,-0,-0,-0
0.177,-0.248763395265265,-0,-0,-0
0.1775,-0.309108334045048,-0,-0,-0
0.178,-0.368233363448521,-0,-0,-0
0.1785,-0.425905143996284,-0,-0,-0
0.179,-0.481896071518246,-0,-0,-0
0.1795,-0.535985175403299,-0,-0,-0
0.18,-0.587958990669369,-0,-0,-0
0.1805,-0.637612400412178,-0,-0,-0
0.181,-0.684749445307957,-0,-0,-0
0.1815,-0.729184096975371,-0,-0,-0
0.182,-0.770740992144548,-0,-0,-0
0.1825,-0.809256124735797,-0,-0,-0
0.183,-0.84457749311667,-0,-0,-0
0.1835,-0.876565699982965,-0,-0,-0
0.184,-0.905094502496202,-0,-0,-0
0.1845,-0.930051310506433,-0,-0,-0
0.185,-0.951337630894121,-0,-0,-0
0.1855,-0.968869456277491,-0,-0,-0
0.186,-0.982577596551285,-0,-0,-0
0.1865,-0.992407951948495,-0,-0,-0
0.187,-0.99832172654743,-0,-0,-0
0.1875,-1.0002955813815,-0,-0,-0
0.188,-0.99832172654743,-0,-0,-0
0.1885,-0.992407951948495,-0,-0,-0
0.189,-0.982577596551285,-0,-0,-0
0.1895,-0.968869456277492,-0,-0,-0
0.19,-0.951337630894121,-0,-0,-0
0.1905,-0.930051310506433,-0,-0,-0
0.191,-0.905094502496203,-0,-0,-0
0.1915,-0.876565699982965,-0,-0,-0
0.192,-0.844577493116671,-0,-0,-0
0.1925,-0.809256124735798,-0,-0,-0
0.193,-0.77074099214455,-0,-0,-0
0.1935,-0.729184096975372,-0,-0,-0
0.194,-0.684749445307958,-0,-0,-0
0.1945,-0.637612400412179,-0,-0,-0
0.195,-0.58795899066937,-0,-0,-0
0.1955,-0.5359851754033,-0,-0,-0
0.196,-0.481896071518247,-0,-0,-0
0.1965,-0.425905143996285,-0,-0,-0
0.197,-0.368233363448522,-0,-0,-0
0.1975,-0.30910833404505,-0,-0,-0
0.198,-0.248763395265267,-0,-0,-0
0.1985,-0.187436701013557,-0,-0,-0
0.199,-0.125370279734629,-0,-0,-0
0.1995,-0.0628090792378212,-0,-0,-0
0.2,1.23623642902836e-16,-0,-0,-0
0.2005,0.0628090792378217,-0,-0,-0
0.201,0.12537027973463,-0,-0,-0
0.2015,0.187436701013558,-0,-0,-0
0.202,0.248763395265269,-0,-0,-0
0.2025,0.309108334045051,-0,-0,-0
0.203,0.368233363448522,-0,-0,-0
0.2035,0.425905143996284,-0,-0,-0
0.204,0.481896071518244,-0,-0,-0
0.2045,0.535985175403297,-0,-0,-0
0.205,0.587958990669367,-0,-0,-0
0.2055,0.637612400412177,-0,-0,-0
0.206,0.684749445307957,-0,-0,-0
0.2065,0.729184096975371,-0,-0,-0
0.207,0.770740992144549,-0,-0,-0
0.2075,0.809256124735797,-0,-0,-0
0.208,0.844577493116669,-0,-0,-0
0.2085,0.876565699982964,-0,-0,-0
0.209,0.905094502496201,-0,-0,-0
0.2095,0.930051310506432,-0,-0,-0
0.21,0.95133763089412,-0,-0,-0
0.2105,0.968869456277491,-0,-0,-0
0.211,0.982577596551285,-0,-0,-0
0.2115,0.992407951948495,-0,-0,-0
0.212,0.99832172654743,-0,-0,-0
0.2125,1.0002955813815,-0,-0,-0
0.213,0.99832172654743,-0,-0,-0
0.2135,0.992407951948495,-0,-0,-0
0.214,0.982577596551285,-0,-0,-0
0.2145,0.968869456277492,-0,-0,-0
0.215,0.951337630894121,-0,-0,-0
0.2155,0.930051310506433,-0,-0,-0
0.216,0.905094502496203,-0,-0,-0
0.2165,0.876565699982966,-0,-0,-0
0.217,0.844577493116672,-0,-0,-0
0.2175,0.8092561247358,-0,-0,-0
0.218,0.770740992144551,-0,-0,-0
0.2185,0.729184096975372,-0,-0,-0
0.219,0.684749445307958,-0,-0,-0
0.2195,0.637612400412179,-0,-0,-0
0.22,0.58795899066937,-0,-0,-0
0.2205,0.535985175403301,-0,-0,-0
0.221,0.481896071518248,-0,-0,-0
0.2215,0.425905143996287,-0,-0,-0
0.222,0.368233363448523,-0,-0,-0
0.2225,0.30910833404505,-0,-0,-0
0.223,0.248763395265267,-0,-0,-0
0.2235,0.187436701013556,-0,-0,-0
0.224,0.125370279734629,-0,-0,-0
0.2245,0.0628090792378217,-0,-0,-0
0.225,1.33064932288829e-15,-0,-0,-0
0.2255,-0.0628090792378195,-0,-0,-0
0.226,-0.125370279734628,-0,-0,-0
0.2265,-0.187436701013557,-0,-0,-0
0.227,-0.248763395265268,-0,-0,-0
0.2275,-0.309108334045051,-0,-0,-0
0.228,-0.368233363448524,-0,-0,-0
0.2285,-0.425905143996286,-0,-0,-0
0.229,-0.481896071518247,-0,-0,-0
0.2295,-0.535985175403298,-0,-0,-0
0.23,-0.587958990669368,-0,-0,-0
0.2305,-0.637612400412178,-0,-0,-0
0.231,-0.684749445307958,-0,-0,-0
0.2315,-0.729184096975373,-0,-0,-0
0.232,-0.770740992144551,-0,-0,-0
0.2325,-0.8092561247358,-0,-0,-0
0.233,-0.844577493116671,-0,-0,-0
0.2335,-0.876565699982965,-0,-0,-0
0.234,-0.905094502496202,-0,-0,-0
0.2345,-0.930051310506432,-0,-0,-0
0.235,-0.95133763089412,-0,-0,-0
0.2355,-0.968869456277491,-0,-0,-0
0.236,-0.982577596551285,-0,-0,-0
0.2365,-0.992407951948495,-0,-0,-0
0.237,-0.99832172654743,-0,-0,-0
0.2375,-1.0002955813815,-0,-0,-0
0.238,-0.998321726547431,-0,-0,-0
0.2385,-0.992407951948495,-0,-0,-0
0.239,-0.982577596551285,-0,-0,-0
0.2395,-0.968869456277492,-0,-0,-0
0.24,-0.951337630894121,-0,-0,-0
0.2405,-0.930051310506433,-0,-0,-0
0.241,-0.905094502496203,-0,-0,-0
0.2415,-0.876565699982966,-0,-0,-0
0.242,-0.844577493116672,-0,-0,-0
0.2425,-0.809256124735801,-0,-0,-0
0.243,-0.770740992144552,-0,-0,-0
0.2435,-0.729184096975373,-0,-0,-0
0.244,-0.684749445307959,-0,-0,-0
0.2445,-0.637612400412179,-0,-0,-0
0.245,-0.58795899066937,-0,-0,-0
0.2455,-0.5359851754033,-0,-0,-0
0.246,-0.481896071518249,-0,-0,-0
0.2465,-0.425905143996288,-0,-0,-0
0.247,-0.368233363448525,-0,-0,-0
0.2475,-0.309108334045052,-0,-0,-0
0.248,-0.248763395265268,-0,-0,-0
0.2485,-0.187436701013557,-0,-0,-0
0.249,-0.125370279734629,-0,-0,-0
0.2495,-0.0628090792378213,-0,-0,-0
0.25,-1.16741105454519e-15,-0,-0,-0
0.2505,0.062809079237819,-0,-0,-0
0.251,0.125370279734627,-0,-0,-0
0.2515,0.187436701013555,-0,-0,-0
0.252,0.248763395265266,-0,-0,-0
0.2525,0.30910833404505,-0,-0,-0
0.253,0.368233363448523,-0,-0,-0
0.2535,0.425905143996286,-0,-0,-0
0.254,0.481896071518247,-0,-0,-0
0.2545,0.5359851754033,-0,-0,-0
0.255,0.587958990669369,-0,-0,-0
0.2555,0.637612400412178,-0,-0,-0
0.256,0.684749445307958,-0,-0,-0
0.2565,0.729184096975372,-0,-0,-0
0.257,0.770740992144549,-0,-0,-0
0.2575,0.809256124735798,-0,-0,-0
0.258,0.84457749311667,-0,-0,-0
0.2585,0.876565699982965,-0,-0,-0
0.259,0.905094502496202,-0,-0,-0
0.2595,0.930051310506433,-0,-0,-0
0.26,0.951337630894121,-0,-0,-0
0.2605,0.968869456277492,-0,-0,-0
0.261,0.982577596551285,-0,-0,-0
0.2615,0.992407951948495,-0,-0,-0
0.262,0.99832172654743,-0,-0,-0
0.2625,1.0002955813815,-0,-0,-0
0.263,0.99832172654743,-0,-0,-0
0.2635,0.992407951948494,-0,-0,-0
0.264,0.982577596551285,-0,-0,-0
0.2645,0.968869456277491,-0,-0,-0
0.265,0.951337630894121,-0,-0,-0
0.2655,0.930051310506433,-0,-0,-0
0.266,0.905094502496203,-0,-0,-0
0.2665,0.876565699982965,-0,-0,-0
0.267,0.84457749311667,-0,-0,-0
0.2675,0.809256124735798,-0,-0,-0
0.268,0.770740992144549,-0,-0,-0
0.2685,0.729184096975371,-0,-0,-0
0.269,0.684749445307957,-0,-0,-0
0.2695,0.637612400412178,-0,-0,-0
0.27,0.587958990669369,-0,-0,-0
0.2705,0.535985175403299,-0,-0,-0
0.271,0.481896071518247,-0,-0,-0
0.2715,0.425905143996285,-0,-0,-0
0.272,0.368233363448521,-0,-0,-0
0.2725,0.309108334045048,-0,-0,-0
0.273,0.248763395265265,-0,-0,-0
0.2735,0.187436701013555,-0,-0,-0
0.274,0.125370279734628,-0,-0,-0
0.2745,0.0628090792378203,-0,-0,-0
0.275,-4.08703630593895e-16,-0,-0,-0
0.2755,-0.0628090792378216,-0,-0,-0
0.276,-0.12537027973463,-0,-0,-0
0.2765,-0.187436701013559,-0,-0,-0
0.277,-0.248763395265269,-0,-0,-0
0.2775,-0.309108334045053,-0,-0,-0
0.278,-0.368233363448525,-0,-0,-0
0.2785,-0.425905143996287,-0,-0,-0
0.279,-0.481896071518248,-0,-0,-0
0.2795,-0.5359851754033,-0,-0,-0
0.28,-0.58795899066937,-0,-0,-0
0.2805,-0.637612400412179,-0,-0,-0
0.281,-0.684749445307958,-0,-0,-0
0.2815,-0.729184096975371,-0,-0,-0
0.282,-0.770740992144548,-0,-0,-0
0.2825,-0.809256124735796,-0,-0,-0
0.283,-0.844577493116668,-0,-0,-0
0.2835,-0.876565699982963,-0,-0,-0
0.284,-0.9050945024962,-0,-0,-0
0.2845,-0.930051310506431,-0,-0,-0
0.285,-0.95133763089412,-0,-0,-0
0.2855,-0.968869456277491,-0,-0,-0
0.286,-0.982577596551285,-0,-0,-0
0.2865,-0.992407951948494,-0,-0,-0
0.287,-0.99832172654743,-0,-0,-0
0.2875,-1.0002955813815,-0,-0,-0
0.288,-0.99832172654743,-0,-0,-0
0.2885,-0.992407951948495,-0,-0,-0
0.289,-0.982577596551285,-0,-0,-0
0.2895,-0.968869456277492,-0,-0,-0
0.29,-0.951337630894122,-0,-0,-0
0.2905,-0.930051310506434,-0,-0,-0
0.291,-0.905094502496204,-0,-0,-0
0.2915,-0.876565699982967,-0,-0,-0
0.292,-0.844577493116673,-0,-0,-0
0.2925,-0.809256124735801,-0,-0,-0
0.293,-0.770740992144552,-0,-0,-0
0.2935,-0.729184096975374,-0,-0,-0
0.294,-0.68474944530796,-0,-0,-0
0.2945,-0.63761240041218,-0,-0,-0
0.295,-0.587958990669371,-0,-0,-0
0.2955,-0.535985175403303,-0,-0,-0
0.296,-0.481896071518251,-0,-0,-0
0.2965,-0.42590514399629,-0,-0,-0
0.297,-0.368233363448527,-0,-0,-0
0.2975,-0.309108334045054,-0,-0,-0
0.298,-0.248763395265269,-0,-0,-0
0.2985,-0.187436701013558,-0,-0,-0
0.299,-0.125370279734631,-0,-0,-0
0.2995,-0.0628090792378234,-0,-0,-0
0.3,-3.44041380410674e-15,-0,-0,-0
0.3005,0.0628090792378167,-0,-0,-0
0.301,0.125370279734625,-0,-0,-0
0.3015,0.187436701013553,-0,-0,-0
0.302,0.248763395265264,-0,-0,-0
0.3025,0.309108334045049,-0,-0,-0
0.303,0.368233363448522,-0,-0,-0
0.3035,0.425905143996284,-0,-0,-0
0.304,0.481896071518245,-0,-0,-0
0.3045,0.535985175403297,-0,-0,-0
0.305,0.587958990669366,-0,-0,-0
0.3055,0.637612400412176,-0,-0,-0
0.306,0.684749445307956,-0,-0,-0
0.3065,0.72918409697537,-0,-0,-0
0.307,0.770740992144549,-0,-0,-0
0.3075,0.809256124735798,-0,-0,-0
0.308,0.84457749311667,-0,-0,-0
0.3085,0.876565699982965,-0,-0,-0
0.309,0.905094502496201,-0,-0,-0
0.3095,0.930051310506432,-0,-0,-0
0.31,0.95133763089412,-0,-0,-0
0.3105,0.968869456277491,-0,-0,-0
0.311,0.982577596551285,-0,-0,-0
0.3115,0.992407951948495,-0,-0,-0
0.312,0.99832172654743,-0,-0,-0
0.3125,1.0002955813815,-0,-0,-0
0.313,0.998321726547431,-0,-0,-0
0.3135,0.992407951948495,-0,-0,-0
0.314,0.982577596551285,-0,-0,-0
0.3145,0.968869456277492,-0,-0,-0
0.315,0.951337630894121,-0,-0,-0
0.3155,0.930051310506432,-0,-0,-0
0.316,0.905094502496203,-0,-0,-0
0.3165,0.876565699982965,-0,-0,-0
0.317,0.844577493116671,-0,-0,-0
0.3175,0.8092561247358,-0,-0,-0
0.318,0.770740992144551,-0,-0,-0
0.3185,0.729184096975373,-0,-0,-0
0.319,0.684749445307958,-0,-0,-0
0.3195,0.637612400412178,-0,-0,-0
0.32,0.587958990669369,-0,-0,-0
0.3205,0.535985175403299,-0,-0,-0
0.321,0.481896071518248,-0,-0,-0
0.3215,0.425905143996287,-0,-0,-0
0.322,0.368233363448525,-0,-0,-0
0.3225,0.309108334045052,-0,-0,-0
0.323,0.248763395265268,-0,-0,-0
0.3235,0.187436701013557,-0,-0,-0
0.324,0.125370279734628,-0,-0,-0
0.3245,0.0628090792378201,-0,-0,-0
0.325,-4.95344002017988e-16,-0,-0,-0
0.3255,-0.0628090792378206,-0,-0,-0
0.326,-0.125370279734628,-0,-0,-0
0.3265,-0.187436701013555,-0,-0,-0
0.327,-0.248763395265266,-0,-0,-0
0.3275,-0.30910833404505,-0,-0,-0
0.328,-0.368233363448523,-0,-0,-0
0.3285,-0.425905143996286,-0,-0,-0
0.329,-0.481896071518248,-0,-0,-0
0.3295,-0.5359851754033,-0,-0,-0
0.33,-0.587958990669369,-0,-0,-0
0.3305,-0.637612400412178,-0,-0,-0
0.331,-0.684749445307958,-0,-0,-0
0.3315,-0.729184096975372,-0,-0,-0
0.332,-0.770740992144551,-0,-0,-0
0.3325,-0.8092561247358,-0,-0,-0
0.333,-0.844577493116672,-0,-0,-0
0.3335,-0.876565699982966,-0,-0,-0
0.334,-0.905094502496203,-0,-0,-0
0.3345,-0.930051310506433,-0,-0,-0
0.335,-0.951337630894121,-0,-0,-0
0.3355,-0.968869456277491,-0,-0,-0
0.336,-0.982577596551285,-0,-0,-0
0.3365,-0.992407951948495,-0,-0,-0
0.337,-0.99832172654743,-0,-0,-0
0.3375,-1.0002955813815,-0,-0,-0
0.338,-0.99832172654743,-0,-0,-0
0.3385,-0.992407951948495,-0,-0,-0
0.339,-0.982577596551285,-0,-0,-0
0.3395,-0.968869456277491,-0,-0,-0
0.34,-0.951337630894121,-0,-0,-0
0.3405,-0.930051310506432,-0,-0,-0
0.341,-0.905094502496201,-0,-0,-0
0.3415,-0.876565699982963,-0,-0,-0
0.342,-0.844577493116669,-0,-0,-0
0.3425,-0.809256124735797,-0,-0,-0
0.343,-0.77074099214455,-0,-0,-0
0.3435,-0.729184096975373,-0,-0,-0
0.344,-0.684749445307961,-0,-0,-0
0.3445,-0.637612400412182,-0,-0,-0
0.345,-0.587958990669373,-0,-0,-0
0.3455,-0.535985175403303,-0,-0,-0
0.346,-0.481896071518251,-0,-0,-0
0.3465,-0.42590514399629,-0,-0,-0
0.347,-0.368233363448528,-0,-0,-0
0.3475,-0.309108334045056,-0,-0,-0
0.348,-0.248763395265273,-0,-0,-0
0.3485,-0.187436701013562,-0,-0,-0
0.349,-0.125370279734634,-0,-0,-0
0.3495,-0.0628090792378256,-0,-0,-0
0.35,-4.34324705775992e-15,-0,-0,-0
0.3505,0.0628090792378167,-0,-0,-0
0.351,0.125370279734624,-0,-0,-0
0.3515,0.187436701013552,-0,-0,-0
0.352,0.248763395265263,-0,-0,-0
0.3525,0.309108334045046,-0,-0,-0
0.353,0.368233363448519,-0,-0,-0
0.3535,0.425905143996283,-0,-0,-0
0.354,0.481896071518245,-0,-0,-0
0.3545,0.535985175403297,-0,-0,-0
0.355,0.587958990669366,-0,-0,-0
0.3555,0.637612400412175,-0,-0,-0
0.356,0.684749445307955,-0,-0,-0
0.3565,0.729184096975369,-0,-0,-0
0.357,0.770740992144547,-0,-0,-0
0.3575,0.809256124735796,-0,-0,-0
0.358,0.844577493116669,-0,-0,-0
0.3585,0.876565699982964,-0,-0,-0
0.359,0.905094502496201,-0,-0,-0
0.3595,0.930051310506432,-0,-0,-0
0.36,0.95133763089412,-0,-0,-0
0.3605,0.968869456277491,-0,-0,-0
0.361,0.982577596551284,-0,-0,-0
0.3615,0.992407951948494,-0,-0,-0
0.362,0.99832172654743,-0,-0,-0
0.3625,1.0002955813815,-0,-0,-0
0.363,0.998321726547431,-0,-0,-0
0.3635,0.992407951948495,-0,-0,-0
0.364,0.982577596551286,-0,-0,-0
0.3645,0.968869456277492,-0,-0,-0
0.365,0.951337630894122,-0,-0,-0
0.3655,0.930051310506434,-0,-0,-0
0.366,0.905094502496204,-0,-0,-0
0.3665,0.876565699982966,-0,-0,-0
0.367,0.844577493116672,-0,-0,-0
0.3675,0.8092561247358,-0,-0,-0
0.368,0.770740992144551,-0,-0,-0
0.3685,0.729184096975374,-0,-0,-0
0.369,0.68474944530796,-0,-0,-0
0.3695,0.637612400412181,-0,-0,-0
0.37,0.587958990669372,-0,-0,-0
0.3705,0.535985175403302,-0,-0,-0
0.371,0.481896071518249,-0,-0,-0
0.3715,0.425905143996287,-0,-0,-0
0.372,0.368233363448524,-0,-0,-0
0.3725,0.309108334045052,-0,-0,-0
0.373,0.248763395265269,-0,-0,-0
0.3735,0.187436701013559,-0,-0,-0
0.374,0.125370279734632,-0,-0,-0
0.3745,0.062809079237824,-0,-0,-0
0.375,2.78138250012852e-15,-0,-0,-0
0.3755,-0.0628090792378186,-0,-0,-0
0.376,-0.125370279734627,-0,-0,-0
0.3765,-0.187436701013555,-0,-0,-0
0.377,-0.248763395265266,-0,-0,-0
0.3775,-0.309108334045049,-0,-0,-0
0.378,-0.368233363448521,-0,-0,-0
0.3785,-0.425905143996284,-0,-0,-0
0.379,-0.481896071518246,-0,-0,-0
0.3795,-0.535985175403299,-0,-0,-0
0.38,-0.587958990669369,-0,-0,-0
0.3805,-0.637612400412178,-0,-0,-0
0.381,-0.684749445307958,-0,-0,-0
0.3815,-0.729184096975371,-0,-0,-0
0.382,-0.770740992144549,-0,-0,-0
0.3825,-0.809256124735797,-0,-0,-0
0.383,-0.84457749311667,-0,-0,-0
0.3835,-0.876565699982965,-0,-0,-0
0.384,-0.905094502496202,-0,-0,-0
0.3845,-0.930051310506433,-0,-0,-0
0.385,-0.951337630894121,-0,-0,-0
0.3855,-0.968869456277491,-0,-0,-0
0.386,-0.982577596551285,-0,-0,-0
0.3865,-0.992407951948495,-0,-0,-0
0.387,-0.99832172654743,-0,-0,-0
0.3875,-1.0002955813815,-0,-0,-0
0.388,-0.99832172654743,-0,-0,-0
0.3885,-0.992407951948495,-0,-0,-0
0.389,-0.982577596551285,-0,-0,-0
0.3895,-0.968869456277491,-0,-0,-0
0.39,-0.951337630894121,-0,-0,-0
0.3905,-0.930051310506433,-0,-0,-0
0.391,-0.905094502496203,-0,-0,-0
0.3915,-0.876565699982966,-0,-0,-0
0.392,-0.844577493116671,-0,-0,-0
0.3925,-0.809256124735799,-0,-0,-0
0.393,-0.77074099214455,-0,-0,-0
0.3935,-0.729184096975371,-0,-0,-0
0.394,-0.684749445307957,-0,-0,-0
0.3945,-0.637612400412178,-0,-0,-0
0.395,-0.587958990669369,-0,-0,-0
0.3955,-0.5359851754033,-0,-0,-0
0.396,-0.481896071518248,-0,-0,-0
0.3965,-0.425905143996286,-0,-0,-0
0.397,-0.368233363448523,-0,-0,-0
0.3975,-0.30910833404505,-0,-0,-0
0.398,-0.248763395265266,-0,-0,-0
0.3985,-0.187436701013556,-0,-0,-0
0.399,-0.125370279734628,-0,-0,-0
0.3995,-0.0628090792378203,-0,-0,-0
0.4,6.71990168050897e-16,-0,-0,-0
0.4005,0.0628090792378219,-0,-0,-0
0.401,0.12537027973463,-0,-0,-0
0.4015,0.187436701013559,-0,-0,-0
0.402,0.248763395265269,-0,-0,-0
0.4025,0.309108334045052,-0,-0,-0
0.403,0.368233363448524,-0,-0,-0
0.4035,0.425905143996287,-0,-0,-0
0.404,0.481896071518248,-0,-0,-0
0.4045,0.5359851754033,-0,-0,-0
0.405,0.58795899066937,-0,-0,-0
0.4055,0.637612400412179,-0,-0,-0
0.406,0.684749445307958,-0,-0,-0
0.4065,0.729184096975371,-0,-0,-0
0.407,0.770740992144547,-0,-0,-0
0.4075,0.809256124735795,-0,-0,-0
0.408,0.844577493116667,-0,-0,-0
0.4085,0.876565699982962,-0,-0,-0
0.409,0.905094502496199,-0,-0,-0
0.4095,0.930051310506431,-0,-0,-0
0.41,0.951337630894119,-0,-0,-0
0.4105,0.968869456277491,-0,-0,-0
0.411,0.982577596551285,-0,-0,-0
0.4115,0.992407951948494,-0,-0,-0
0.412,0.99832172654743,-0,-0,-0
0.4125,1.0002955813815,-0,-0,-0
0.413,0.998321726547431,-0,-0,-0
0.4135,0.992407951948496,-0,-0,-0
0.414,0.982577596551286,-0,-0,-0
0.4145,0.968869456277493,-0,-0,-0
0.415,0.951337630894122,-0,-0,-0
0.4155,0.930051310506434,-0,-0,-0
0.416,0.905094502496205,-0,-0,-0
0.4165,0.876565699982968,-0,-0,-0
0.417,0.844577493116674,-0,-0,-0
0.4175,0.809256124735802,-0,-0,-0
0.418,0.770740992144553,-0,-0,-0
0.4185,0.729184096975375,-0,-0,-0
0.419,0.684749445307961,-0,-0,-0
0.4195,0.637612400412181,-0,-0,-0
0.42,0.587958990669372,-0,-0,-0
0.4205,0.535985175403303,-0,-0,-0
0.421,0.481896071518251,-0,-0,-0
0.4215,0.425905143996289,-0,-0,-0
0.422,0.368233363448526,-0,-0,-0
0.4225,0.309108334045053,-0,-0,-0
0.423,0.24876339526527,-0,-0,-0
0.4235,0.187436701013559,-0,-0,-0
0.424,0.125370279734631,-0,-0,-0
0.4245,0.0628090792378243,-0,-0,-0
0.425,4.16637494709782e-15,-0,-0,-0
0.4255,-0.0628090792378164,-0,-0,-0
0.426,-0.125370279734625,-0,-0,-0
0.4265,-0.187436701013553,-0,-0,-0
0.427,-0.248763395265265,-0,-0,-0
0.4275,-0.309108334045049,-0,-0,-0
0.428,-0.368233363448521,-0,-0,-0
0.4285,-0.425905143996284,-0,-0,-0
0.429,-0.481896071518244,-0,-0,-0
0.4295,-0.535985175403296,-0,-0,-0
0.43,-0.587958990669366,-0,-0,-0
0.4305,-0.637612400412176,-0,-0,-0
0.431,-0.684749445307956,-0,-0,-0
0.4315,-0.72918409697537,-0,-0,-0
0.432,-0.770740992144549,-0,-0,-0
0.4325,-0.809256124735798,-0,-0,-0
0.433,-0.84457749311667,-0,-0,-0
0.4335,-0.876565699982964,-0,-0,-0
0.434,-0.905094502496201,-0,-0,-0
0.4345,-0.930051310506432,-0,-0,-0
0.435,-0.95133763089412,-0,-0,-0
0.4355,-0.96886945627749,-0,-0,-0
0.436,-0.982577596551285,-0,-0,-0
0.4365,-0.992407951948495,-0,-0,-0
0.437,-0.99832172654743,-0,-0,-0
0.4375,-1.0002955813815,-0,-0,-0
0.438,-0.99832172654743,-0,-0,-0
0.4385,-0.992407951948495,-0,-0,-0
0.439,-0.982577596551285,-0,-0,-0
0.4395,-0.968869456277492,-0,-0,-0
0.44,-0.951337630894121,-0,-0,-0
0.4405,-0.930051310506433,-0,-0,-0
0.441,-0.905094502496203,-0,-0,-0
0.4415,-0.876565699982966,-0,-0,-0
0.442,-0.844577493116672,-0,-0,-0
0.4425,-0.8092561247358,-0,-0,-0
0.443,-0.770740992144551,-0,-0,-0
0.4435,-0.729184096975372,-0,-0,-0
0.444,-0.684749445307958,-0,-0,-0
0.4445,-0.637612400412178,-0,-0,-0
0.445,-0.587958990669369,-0,-0,-0
0.4455,-0.5359851754033,-0,-0,-0
0.446,-0.481896071518248,-0,-0,-0
0.4465,-0.425905143996287,-0,-0,-0
0.447,-0.368233363448525,-0,-0,-0
0.4475,-0.309108334045052,-0,-0,-0
0.448,-0.248763395265268,-0,-0,-0
0.4485,-0.187436701013556,-0,-0,-0
0.449,-0.125370279734628,-0,-0,-0
0.4495,-0.0628090792378204,-0,-0,-0
0.45,-2.4883173747085e-16,-0,-0,-0
0.4505,0.0628090792378198,-0,-0,-0
0.451,0.125370279734627,-0,-0,-0
0.4515,0.187436701013555,-0,-0,-0
0.452,0.248763395265266,-0,-0,-0
0.4525,0.30910833404505,-0,-0,-0
0.453,0.368233363448523,-0,-0,-0
0.4535,0.425905143996287,-0,-0,-0
0.454,0.481896071518248,-0,-0,-0
0.4545,0.5359851754033,-0,-0,-0
0.455,0.587958990669369,-0,-0,-0
0.4555,0.637612400412178,-0,-0,-0
0.456,0.684749445307957,-0,-0,-0
0.4565,0.729184096975371,-0,-0,-0
0.457,0.77074099214455,-0,-0,-0
0.4575,0.809256124735799,-0,-0,-0
0.458,0.844577493116671,-0,-0,-0
0.4585,0.876565699982966,-0,-0,-0
0.459,0.905094502496203,-0,-0,-0
0.4595,0.930051310506433,-0,-0,-0
0.46,0.951337630894121,-0,-0,-0
0.4605,0.968869456277491,-0,-0,-0
0.461,0.982577596551285,-0,-0,-0
0.4615,0.992407951948495,-0,-0,-0
0.462,0.99832172654743,-0,-0,-0
0.4625,1.0002955813815,-0,-0,-0
0.463,0.99832172654743,-0,-0,-0
0.4635,0.992407951948495,-0,-0,-0
0.464,0.982577596551285,-0,-0,-0
0.4645,0.968869456277492,-0,-0,-0
0.465,0.951337630894121,-0,-0,-0
0.4655,0.930051310506433,-0,-0,-0
0.466,0.905094502496202,-0,-0,-0
0.4665,0.876565699982964,-0,-0,-0
0.467,0.844577493116669,-0,-0,-0
0.4675,0.809256124735798,-0,-0,-0
0.468,0.77074099214455,-0,-0,-0
0.4685,0.729184096975374,-0,-0,-0
0.469,0.684749445307961,-0,-0,-0
0.4695,0.637612400412182,-0,-0,-0
0.47,0.587958990669372,-0,-0,-0
0.4705,0.535985175403303,-0,-0,-0
0.471,0.481896071518252,-0,-0,-0
0.4715,0.425905143996291,-0,-0,-0
0.472,0.368233363448528,-0,-0,-0
0.4725,0.309108334045056,-0,-0,-0
0.473,0.248763395265273,-0,-0,-0
0.4735,0.187436701013562,-0,-0,-0
0.474,0.125370279734634,-0,-0,-0
0.4745,0.0628090792378252,-0,-0,-0
0.475,4.0792376842663e-15,-0,-0,-0
0.4755,-0.0628090792378166,-0,-0,-0
0.476,-0.125370279734624,-0,-0,-0
0.4765,-0.187436701013551,-0,-0,-0
0.477,-0.248763395265262,-0,-0,-0
0.4775,-0.309108334045045,-0,-0,-0
0.478,-0.368233363448518,-0,-0,-0
0.4785,-0.425905143996281,-0,-0,-0
0.479,-0.481896071518244,-0,-0,-0
0.4795,-0.535985175403296,-0,-0,-0
0.48,-0.587958990669366,-0,-0,-0
0.4805,-0.637612400412175,-0,-0,-0
0.481,-0.684749445307954,-0,-0,-0
0.4815,-0.729184096975368,-0,-0,-0
0.482,-0.770740992144546,-0,-0,-0
0.4825,-0.809256124735796,-0,-0,-0
0.483,-0.844577493116668,-0,-0,-0
0.4835,-0.876565699982963,-0,-0,-0
0.484,-0.905094502496201,-0,-0,-0
0.4845,-0.930051310506432,-0,-0,-0
0.485,-0.95133763089412,-0,-0,-0
0.4855,-0.96886945627749,-0,-0,-0
0.486,-0.982577596551284,-0,-0,-0
0.4865,-0.992407951948494,-0,-0,-0
0.487,-0.99832172654743,-0,-0,-0
0.4875,-1.0002955813815,-0,-0,-0
0.488,-0.99832172654743,-0,-0,-0
0.4885,-0.992407951948496,-0,-0,-0
0.489,-0.982577596551286,-0,-0,-0
0.4895,-0.968869456277493,-0,-0,-0
0.49,-0.951337630894122,-0,-0,-0
0.4905,-0.930051310506434,-0,-0,-0
0.491,-0.905094502496204,-0,-0,-0
0.4915,-0.876565699982966,-0,-0,-0
0.492,-0.844577493116672,-0,-0,-0
0.4925,-0.8092561247358,-0,-0,-0
0.493,-0.770740992144552,-0,-0,-0
0.4935,-0.729184096975374,-0,-0,-0
0.494,-0.684749445307961,-0,-0,-0
0.4945,-0.637612400412181,-0,-0,-0
0.495,-0.587958990669372,-0,-0,-0
0.4955,-0.535985175403301,-0,-0,-0
0.496,-0.481896071518249,-0,-0,-0
0.4965,-0.425905143996287,-0,-0,-0
0.497,-0.368233363448525,-0,-0,-0
0.4975,-0.309108334045053,-0,-0,-0
0.498,-0.24876339526527,-0,-0,-0
0.4985,-0.18743670101356,-0,-0,-0
0.499,-0.125370279734632,-0,-0,-0
0.4995,-0.0628090792378247,-0,-0,-0
0.5,-4.21024091197176e-15,-0,-0,-0
0.5005,0.0628090792378163,-0,-0,-0
0.501,0.125370279734624,-0,-0,-0
0.5015,0.187436701013551,-0,-0,-0
0.502,0.248763395265261,-0,-0,-0
0.5025,0.309108334045045,-0,-0,-0
0.503,0.368233363448517,-0,-0,-0
0.5035,0.42590514399628,-0,-0,-0
0.504,0.481896071518242,-0,-0,-0
0.5045,0.535985175403295,-0,-0,-0
0.505,0.587958990669365,-0,-0,-0
0.5055,0.637612400412175,-0,-0,-0
0.506,0.684749445307955,-0,-0,-0
0.5065,0.729184096975369,-0,-0,-0
0.507,0.770740992144547,-0,-0,-0
0.5075,0.809256124735795,-0,-0,-0
0.508,0.844577493116668,-0,-0,-0
0.5085,0.876565699982963,-0,-0,-0
0.509,0.9050945024962,-0,-0,-0
0.5095,0.930051310506432,-0,-0,-0
0.51,0.95133763089412,-0,-0,-0
0.5105,0.968869456277491,-0,-0,-0
0.511,0.982577596551284,-0,-0,-0
0.5115,0.992407951948494,-0,-0,-0
0.512,0.99832172654743,-0,-0,-0
0.5125,1.0002955813815,-0,-0,-0
0.513,0.99832172654743,-0,-0,-0
0.5135,0.992407951948495,-0,-0,-0
0.514,0.982577596551285,-0,-0,-0
0.5145,0.968869456277492,-0,-0,-0
0.515,0.951337630894122,-0,-0,-0
0.5155,0.930051310506434,-0,-0,-0
0.516,0.905094502496205,-0,-0,-0
0.5165,0.876565699982968,-0,-0,-0
0.517,0.844577493116674,-0,-0,-0
0.5175,0.809256124735801,-0,-0,-0
0.518,0.770740992144553,-0,-0,-0
0.5185,0.729184096975375,-0,-0,-0
0.519,0.684749445307961,-0,-0,-0
0.5195,0.637612400412182,-0,-0,-0
0.52,0.587958990669372,-0,-0,-0
0.5205,0.535985175403303,-0,-0,-0
0.521,0.481896071518251,-0,-0,-0
0.5215,0.425905143996289,-0,-0,-0
0.522,0.368233363448526,-0,-0,-0
0.5225,0.309108334045053,-0,-0,-0
0.523,0.24876339526527,-0,-0,-0
0.5235,0.18743670101356,-0,-0,-0
0.524,0.125370279734632,-0,-0,-0
0.5245,0.0628090792378242,-0,-0,-0
0.525,2.93352152570405e-15,-0,-0,-0
0.5255,-0.0628090792378186,-0,-0,-0
0.526,-0.125370279734627,-0,-0,-0
0.5265,-0.187436701013555,-0,-0,-0
0.527,-0.248763395265266,-0,-0,-0
0.5275,-0.309108334045048,-0,-0,-0
0.528,-0.36823336344852,-0,-0,-0
0.5285,-0.425905143996282,-0,-0,-0
0.529,-0.481896071518243,-0,-0,-0
0.5295,-0.535985175403296,-0,-0,-0
0.53,-0.587958990669366,-0,-0,-0
0.5305,-0.637612400412176,-0,-0,-0
0.531,-0.684749445307957,-0,-0,-0
0.5315,-0.729184096975371,-0,-0,-0
0.532,-0.770740992144549,-0,-0,-0
0.5325,-0.809256124735797,-0,-0,-0
0.533,-0.844577493116669,-0,-0,-0
0.5335,-0.876565699982964,-0,-0,-0
0.534,-0.905094502496201,-0,-0,-0
0.5345,-0.930051310506432,-0,-0,-0
0.535,-0.95133763089412,-0,-0,-0
0.5355,-0.968869456277491,-0,-0,-0
0.536,-0.982577596551285,-0,-0,-0
0.5365,-0.992407951948495,-0,-0,-0
0.537,-0.99832172654743,-0,-0,-0
0.5375,-1.0002955813815,-0,-0,-0
0.538,-0.998321726547431,-0,-0,-0
0.5385,-0.992407951948496,-0,-0,-0
0.539,-0.982577596551285,-0,-0,-0
0.5395,-0.968869456277492,-0,-0,-0
0.54,-0.951337630894122,-0,-0,-0
0.5405,-0.930051310506433,-0,-0,-0
0.541,-0.905094502496204,-0,-0,-0
0.5415,-0.876565699982966,-0,-0,-0
0.542,-0.844577493116672,-0,-0,-0
0.5425,-0.809256124735799,-0,-0,-0
0.543,-0.77074099214455,-0,-0,-0
0.5435,-0.729184096975372,-0,-0,-0
0.544,-0.684749445307958,-0,-0,-0
0.5445,-0.637612400412179,-0,-0,-0
0.545,-0.58795899066937,-0,-0,-0
0.5455,-0.5359851754033,-0,-0,-0
0.546,-0.481896071518248,-0,-0,-0
0.5465,-0.425905143996286,-0,-0,-0
0.547,-0.368233363448523,-0,-0,-0
0.5475,-0.30910833404505,-0,-0,-0
0.548,-0.248763395265266,-0,-0,-0
0.5485,-0.187436701013556,-0,-0,-0
0.549,-0.125370279734628,-0,-0,-0
0.5495,-0.0628090792378216,-0,-0,-0
0.55,-1.70461907265565e-15,0,0,0
0.5505,0.0628090792378187,0,0,0
0.551,0.125370279734627,0,0,0
0.5515,0.187436701013555,0,0,0
0.552,0.248763395265267,0,0,0
0.5525,0.309108334045051,0,0,0
0.553,0.368233363448524,0,0,0
0.5535,0.425905143996286,0,0,0
0.554,0.481896071518247,0,0,0
0.5545,0.535985175403299,0,0,0
0.555,0.587958990669369,0,0,0
0.5555,0.637612400412178,0,0,0
0.556,0.684749445307959,0,0,0
0.5565,0.729184096975373,0,0,0
0.557,0.770740992144551,0,0,0
0.5575,0.809256124735799,0,0,0
0.558,0.844577493116671,0,0,0
0.5585,0.876565699982966,0,0,0
0.559,0.905094502496202,0,0,0
0.5595,0.930051310506433,0,0,0
0.56,0.95133763089412,0,0,0
0.5605,0.968869456277491,0,0,0
0.561,0.982577596551285,0,0,0
0.5615,0.992407951948495,0,0,0
0.562,0.998321726547431,0,0,0
0.5625,1.0002955813815,0,0,0
0.563,0.998321726547431,0,0,0
0.5635,0.992407951948496,0,0,0
0.564,0.982577596551286,0,0,0
0.5645,0.968869456277492,0,0,0
0.565,0.951337630894123,0,0,0
0.5655,0.930051310506435,0,0,0
0.566,0.905094502496205,0,0,0
0.5665,0.876565699982968,0,0,0
0.567,0.844577493116674,0,0,0
0.5675,0.809256124735802,0,0,0
0.568,0.770740992144553,0,0,0
0.5685,0.729184096975375,0,0,0
0.569,0.684749445307961,0,0,0
0.5695,0.637612400412181,0,0,0
0.57,0.587958990669372,0,0,0
0.5705,0.535985175403303,0,0,0
0.571,0.481896071518252,0,0,0
0.5715,0.425905143996292,0,0,0
0.572,0.36823336344853,0,0,0
0.5725,0.309108334045057,0,0,0
0.573,0.248763395265273,0,0,0
0.5735,0.187436701013561,0,0,0
0.574,0.125370279734633,0,0,0
0.5745,0.062809079237825,0,0,0
0.575,4.57361225664738e-15,0,0,0
0.5755,-0.0628090792378157,0,0,0
0.576,-0.125370279734623,0,0,0
0.5765,-0.187436701013551,0,0,0
0.577,-0.248763395265263,0,0,0
0.5775,-0.309108334045047,0,0,0
0.578,-0.36823336344852,0,0,0
0.5785,-0.425905143996283,0,0,0
0.579,-0.481896071518245,0,0,0
0.5795,-0.535985175403296,0,0,0
0.58,-0.587958990669365,0,0,0
0.5805,-0.637612400412174,0,0,0
0.581,-0.684749445307954,0,0,0
0.5815,-0.729184096975368,0,0,0
0.582,-0.770740992144547,0,0,0
0.5825,-0.809256124735796,0,0,0
0.583,-0.844577493116669,0,0,0
0.5835,-0.876565699982964,0,0,0
0.584,-0.905094502496201,0,0,0
0.5845,-0.930051310506432,0,0,0
0.585,-0.951337630894119,0,0,0
0.5855,-0.96886945627749,0,0,0
0.586,-0.982577596551284,0,0,0
0.5865,-0.992407951948494,0,0,0
0.587,-0.99832172654743,0,0,0
0.5875,-1.0002955813815,0,0,0
0.588,-0.99832172654743,0,0,0
0.5885,-0.992407951948496,0,0,0
0.589,-0.982577596551286,0,0,0
0.5895,-0.968869456277493,0,0,0
0.59,-0.951337630894123,0,0,0
0.5905,-0.930051310506434,0,0,0
0.591,-0.905094502496204,0,0,0
0.5915,-0.876565699982967,0,0,0
0.592,-0.844577493116672,0,0,0
0.5925,-0.8092561247358,0,0,0
0.593,-0.770740992144553,0,0,0
0.5935,-0.729184096975375,0,0,0
0.594,-0.684749445307961,0,0,0
0.5945,-0.637612400412181,0,0,0
0.595,-0.587958990669371,0,0,0
0.5955,-0.535985175403301,0,0,0
0.596,-0.481896071518249,0,0,0
0.5965,-0.425905143996288,0,0,0
0.597,-0.368233363448526,0,0,0
0.5975,-0.309108334045053,0,0,0
0.598,-0.24876339526527,0,0,0
0.5985,-0.187436701013559,0,0,0
0.599,-0.12537027973463,0,0,0
0.5995,-0.0628090792378214,0,0,0
0.6,-4.16872429497798e-16,0,0,0
0.6005,0.06280907923782,0,0,0
0.601,0.125370279734627,0,0,0
0.6015,0.187436701013554,0,0,0
0.602,0.248763395265264,0,0,0
0.6025,0.309108334045047,0,0,0
0.603,0.36823336344852,0,0,0
0.6035,0.425905143996283,0,0,0
0.604,0.481896071518245,0,0,0
0.6045,0.535985175403298,0,0,0
0.605,0.587958990669368,0,0,0
0.6055,0.637612400412177,0,0,0
0.606,0.684749445307957,0,0,0
0.6065,0.729184096975371,0,0,0
0.607,0.770740992144549,0,0,0
0.6075,0.809256124735798,0,0,0
0.608,0.84457749311667,0,0,0
0.6085,0.876565699982965,0,0,0
0.609,0.905094502496203,0,0,0
0.6095,0.930051310506433,0,0,0
0.61,0.95133763089412,0,0,0
0.6105,0.968869456277491,0,0,0
0.611,0.982577596551285,0,0,0
0.6115,0.992407951948494,0,0,0
0.612,0.99832172654743,0,0,0
0.6125,1.0002955813815,0,0,0
0.613,0.99832172654743,0,0,0
0.6135,0.992407951948495,0,0,0
0.614,0.982577596551285,0,0,0
0.6145,0.968869456277492,0,0,0
0.615,0.951337630894122,0,0,0
0.6155,0.930051310506433,0,0,0
0.616,0.905094502496203,0,0,0
0.6165,0.876565699982965,0,0,0
0.617,0.844577493116671,0,0,0
0.6175,0.809256124735799,0,0,0
0.618,0.77074099214455,0,0,0
0.6185,0.729184096975372,0,0,0
0.619,0.684749445307958,0,0,0
0.6195,0.637612400412178,0,0,0
0.62,0.587958990669369,0,0,0
0.6205,0.535985175403298,0,0,0
0.621,0.481896071518246,0,0,0
0.6215,0.425905143996284,0,0,0
0.622,0.368233363448522,0,0,0
0.6225,0.30910833404505,0,0,0
0.623,0.248763395265267,0,0,0
0.6235,0.187436701013557,0,0,0
0.624,0.12537027973463,0,0,0
0.6245,0.0628090792378234,0,0,0
0.625,3.8440725887757e-15,0,0,0
0.6255,-0.0628090792378158,0,0,0
0.626,-0.125370279734623,0,0,0
0.6265,-0.18743670101355,0,0,0
0.627,-0.24876339526526,0,0,0
0.6275,-0.309108334045044,0,0,0
0.628,-0.368233363448517,0,0,0
0.6285,-0.42590514399628,0,0,0
0.629,-0.481896071518242,0,0,0
0.6295,-0.535985175403295,0,0,0
0.63,-0.587958990669365,0,0,0
0.6305,-0.637612400412174,0,0,0
0.631,-0.684749445307954,0,0,0
0.6315,-0.729184096975368,0,0,0
0.632,-0.770740992144546,0,0,0
0.6325,-0.809256124735796,0,0,0
0.633,-0.844577493116668,0,0,0
0.6335,-0.876565699982963,0,0,0
0.634,-0.905094502496201,0,0,0
0.6345,-0.930051310506431,0,0,0
0.635,-0.95133763089412,0,0,0
0.6355,-0.96886945627749,0,0,0
0.636,-0.982577596551284,0,0,0
0.6365,-0.992407951948494,0,0,0
0.637,-0.99832172654743,0,0,0
0.6375,-1.0002955813815,0,0,0
0.638,-0.99832172654743,0,0,0
0.6385,-0.992407951948496,0,0,0
0.639,-0.982577596551286,0,0,0
0.6395,-0.968869456277492,0,0,0
0.64,-0.951337630894123,0,0,0
0.6405,-0.930051310506435,0,0,0
0.641,-0.905094502496205,0,0,0
0.6415,-0.876565699982967,0,0,0
0.642,-0.844577493116673,0,0,0
0.6425,-0.8092561247358,0,0,0
0.643,-0.770740992144552,0,0,0
0.6435,-0.729184096975374,0,0,0
0.644,-0.684749445307961,0,0,0
0.6445,-0.637612400412182,0,0,0
0.645,-0.587958990669374,0,0,0
0.6455,-0.535985175403304,0,0,0
0.646,-0.481896071518252,0,0,0
0.6465,-0.42590514399629,0,0,0
0.647,-0.368233363448527,0,0,0
0.6475,-0.309108334045054,0,0,0
0.648,-0.248763395265271,0,0,0
0.6485,-0.18743670101356,0,0,0
0.649,-0.125370279734633,0,0,0
0.6495,-0.0628090792378253,0,0,0
0.65,-4.42299781255324e-15,0,0,0
0.6505,0.0628090792378169,0,0,0
0.651,0.125370279734626,0,0,0
0.6515,0.187436701013554,0,0,0
0.652,0.248763395265265,0,0,0
0.6525,0.309108334045048,0,0,0
0.653,0.36823336344852,0,0,0
0.6535,0.425905143996282,0,0,0
0.654,0.481896071518243,0,0,0
0.6545,0.535985175403295,0,0,0
0.655,0.587958990669365,0,0,0
0.6555,0.637612400412175,0,0,0
0.656,0.684749445307955,0,0,0
0.6565,0.72918409697537,0,0,0
0.657,0.770740992144548,0,0,0
0.6575,0.809256124735797,0,0,0
0.658,0.844577493116669,0,0,0
0.6585,0.876565699982963,0,0,0
0.659,0.905094502496201,0,0,0
0.6595,0.930051310506431,0,0,0
0.66,0.95133763089412,0,0,0
0.6605,0.968869456277491,0,0,0
0.661,0.982577596551285,0,0,0
0.6615,0.992407951948495,0,0,0
0.662,0.99832172654743,0,0,0
0.6625,1.0002955813815,0,0,0
0.663,0.998321726547431,0,0,0
0.6635,0.992407951948495,0,0,0
0.664,0.982577596551285,0,0,0
0.6645,0.968869456277492,0,0,0
0.665,0.951337630894121,0,0,0
0.6655,0.930051310506434,0,0,0
0.666,0.905094502496204,0,0,0
0.6665,0.876565699982967,0,0,0
0.667,0.844577493116673,0,0,0
0.6675,0.809256124735801,0,0,0
0.668,0.770740992144551,0,0,0
0.6685,0.729184096975373,0,0,0
0.669,0.684749445307959,0,0,0
0.6695,0.637612400412179,0,0,0
0.67,0.58795899066937,0,0,0
0.6705,0.535985175403301,0,0,0
0.671,0.481896071518249,0,0,0
0.6715,0.425905143996288,0,0,0
0.672,0.368233363448524,0,0,0
0.6725,0.309108334045051,0,0,0
0.673,0.248763395265267,0,0,0
0.6735,0.187436701013556,0,0,0
0.674,0.125370279734629,0,0,0
0.6745,0.0628090792378216,0,0,0
0.675,1.86390384557268e-15,0,0,0
0.6755,-0.062809079237818,0,0,0
0.676,-0.125370279734626,0,0,0
0.6765,-0.187436701013554,0,0,0
0.677,-0.248763395265265,0,0,0
0.6775,-0.309108334045049,0,0,0
0.678,-0.368233363448523,0,0,0
0.6785,-0.425905143996286,0,0,0
0.679,-0.481896071518246,0,0,0
0.6795,-0.535985175403298,0,0,0
0.68,-0.587958990669368,0,0,0
0.6805,-0.637612400412177,0,0,0
0.681,-0.684749445307958,0,0,0
0.6815,-0.729184096975372,0,0,0
0.682,-0.77074099214455,0,0,0
0.6825,-0.809256124735799,0,0,0
0.683,-0.844577493116671,0,0,0
0.6835,-0.876565699982965,0,0,0
0.684,-0.905094502496203,0,0,0
0.6845,-0.930051310506433,0,0,0
0.685,-0.951337630894121,0,0,0
0.6855,-0.968869456277492,0,0,0
0.686,-0.982577596551286,0,0,0
0.6865,-0.992407951948495,0,0,0
0.687,-0.99832172654743,0,0,0
0.6875,-1.0002955813815,0,0,0
0.688,-0.998321726547431,0,0,0
0.6885,-0.992407951948496,0,0,0
0.689,-0.982577596551286,0,0,0
0.6895,-0.968869456277493,0,0,0
0.69,-0.951337630894123,0,0,0
0.6905,-0.930051310506435,0,0,0
0.691,-0.905094502496205,0,0,0
0.6915,-0.876565699982968,0,0,0
0.692,-0.844577493116674,0,0,0
0.6925,-0.809256124735803,0,0,0
0.693,-0.770740992144554,0,0,0
0.6935,-0.729184096975376,0,0,0
0.694,-0.684749445307962,0,0,0
0.6945,-0.637612400412182,0,0,0
0.695,-0.587958990669372,0,0,0
0.6955,-0.535985175403303,0,0,0
0.696,-0.481896071518252,0,0,0
0.6965,-0.425905143996292,0,0,0
0.697,-0.36823336344853,0,0,0
0.6975,-0.309108334045058,0,0,0
0.698,-0.248763395265274,0,0,0
0.6985,-0.187436701013563,0,0,0
0.699,-0.125370279734634,0,0,0
0.6995,-0.0628090792378261,0,0,0
0.7,-5.36461291214509e-15,0,0,0
0.7005,0.062809079237815,0,0,0
0.701,0.125370279734623,0,0,0
0.7015,0.18743670101355,0,0,0
0.702,0.248763395265261,0,0,0
0.7025,0.309108334045046,0,0,0
0.703,0.368233363448519,0,0,0
0.7035,0.425905143996282,0,0,0
0.704,0.481896071518243,0,0,0
0.7045,0.535985175403295,0,0,0
0.705,0.587958990669365,0,0,0
0.7055,0.637612400412175,0,0,0
0.706,0.684749445307955,0,0,0
0.7065,0.729184096975369,0,0,0
0.707,0.770740992144548,0,0,0
0.7075,0.809256124735797,0,0,0
0.708,0.844577493116669,0,0,0
0.7085,0.876565699982964,0,0,0
0.709,0.905094502496201,0,0,0
0.7095,0.930051310506431,0,0,0
0.71,0.951337630894119,0,0,0
0.7105,0.96886945627749,0,0,0
0.711,0.982577596551284,0,0,0
0.7115,0.992407951948494,0,0,0
0.712,0.99832172654743,0,0,0
0.7125,1.0002955813815,0,0,0
0.713,0.99832172654743,0,0,0
0.7135,0.992407951948495,0,0,0
0.714,0.982577596551286,0,0,0
0.7145,0.968869456277493,0,0,0
0.715,0.951337630894122,0,0,0
0.7155,0.930051310506434,0,0,0
0.716,0.905094502496204,0,0,0
0.7165,0.876565699982966,0,0,0
0.717,0.844577493116672,0,0,0
0.7175,0.809256124735801,0,0,0
0.718,0.770740992144553,0,0,0
0.7185,0.729184096975376,0,0,0
0.719,0.684749445307962,0,0,0
0.7195,0.637612400412182,0,0,0
0.72,0.587958990669372,0,0,0
0.7205,0.535985175403302,0,0,0
0.721,0.48189607151825,0,0,0
0.7215,0.425905143996289,0,0,0
0.722,0.368233363448526,0,0,0
0.7225,0.309108334045054,0,0,0
0.723,0.248763395265271,0,0,0
0.7235,0.18743670101356,0,0,0
0.724,0.125370279734632,0,0,0
0.7245,0.0628090792378231,0,0,0
0.725,1.65129377268246e-15,0,0,0
0.7255,-0.0628090792378193,0,0,0
0.726,-0.125370279734627,0,0,0
0.7265,-0.187436701013554,0,0,0
0.727,-0.248763395265264,0,0,0
0.7275,-0.309108334045046,0,0,0
0.728,-0.368233363448519,0,0,0
0.7285,-0.425905143996282,0,0,0
0.729,-0.481896071518244,0,0,0
0.7295,-0.535985175403297,0,0,0
0.73,-0.587958990669367,0,0,0
0.7305,-0.637612400412177,0,0,0
0.731,-0.684749445307957,0,0,0
0.7315,-0.72918409697537,0,0,0
0.732,-0.770740992144548,0,0,0
0.7325,-0.809256124735797,0,0,0
0.733,-0.844577493116669,0,0,0
0.7335,-0.876565699982964,0,0,0
0.734,-0.905094502496202,0,0,0
0.7345,-0.930051310506433,0,0,0
0.735,-0.951337630894121,0,0,0
0.7355,-0.968869456277491,0,0,0
0.736,-0.982577596551285,0,0,0
0.7365,-0.992407951948494,0,0,0
0.737,-0.99832172654743,0,0,0
0.7375,-1.0002955813815,0,0,0
0.738,-0.99832172654743,0,0,0
0.7385,-0.992407951948495,0,0,0
0.739,-0.982577596551286,0,0,0
0.7395,-0.968869456277492,0,0,0
0.74,-0.951337630894122,0,0,0
0.7405,-0.930051310506434,0,0,0
0.741,-0.905094502496203,0,0,0
0.7415,-0.876565699982966,0,0,0
0.742,-0.844577493116672,0,0,0
0.7425,-0.809256124735799,0,0,0
0.743,-0.77074099214455,0,0,0
0.7435,-0.729184096975372,0,0,0
0.744,-0.684749445307959,0,0,0
0.7445,-0.637612400412179,0,0,0
0.745,-0.58795899066937,0,0,0
0.7455,-0.5359851754033,0,0,0
0.746,-0.481896071518247,0,0,0
0.7465,-0.425905143996285,0,0,0
0.747,-0.368233363448522,0,0,0
0.7475,-0.309108334045049,0,0,0
0.748,-0.248763395265267,0,0,0
0.7485,-0.187436701013557,0,0,0
0.749,-0.125370279734631,0,0,0
0.7495,-0.0628090792378247,0,0,0
0.75,-5.54254992596315e-15,0,0,0
0.7505,0.062809079237814,0,0,0
0.751,0.125370279734621,0,0,0
0.7515,0.187436701013549,0,0,0
0.752,0.24876339526526,0,0,0
0.7525,0.309108334045043,0,0,0
0.753,0.368233363448516,0,0,0
0.7535,0.425905143996279,0,0,0
0.754,0.481896071518241,0,0,0
0.7545,0.535985175403293,0,0,0
0.755,0.587958990669364,0,0,0
0.7555,0.637612400412174,0,0,0
0.756,0.684749445307954,0,0,0
0.7565,0.729184096975368,0,0,0
0.757,0.770740992144546,0,0,0
0.7575,0.809256124735795,0,0,0
0.758,0.844577493116667,0,0,0
0.7585,0.876565699982962,0,0,0
0.759,0.9050945024962,0,0,0
0.7595,0.930051310506431,0,0,0
0.76,0.951337630894119,0,0,0
0.7605,0.96886945627749,0,0,0
0.761,0.982577596551284,0,0,0
0.7615,0.992407951948494,0,0,0
0.762,0.998321726547429,0,0,0
0.7625,1.0002955813815,0,0,0
0.763,0.998321726547431,0,0,0
0.7635,0.992407951948496,0,0,0
0.764,0.982577596551286,0,0,0
0.7645,0.968869456277493,0,0,0
0.765,0.951337630894123,0,0,0
0.7655,0.930051310506435,0,0,0
0.766,0.905094502496205,0,0,0
0.7665,0.876565699982968,0,0,0
0.767,0.844577493116673,0,0,0
0.7675,0.809256124735801,0,0,0
0.768,0.770740992144553,0,0,0
0.7685,0.729184096975375,0,0,0
0.769,0.684749445307962,0,0,0
0.7695,0.637612400412182,0,0,0
0.77,0.587958990669373,0,0,0
0.7705,0.535985175403303,0,0,0
0.771,0.48189607151825,0,0,0
0.7715,0.425905143996289,0,0,0
0.772,0.368233363448526,0,0,0
0.7725,0.309108334045053,0,0,0
0.773,0.248763395265271,0,0,0
0.7735,0.187436701013561,0,0,0
0.774,0.125370279734634,0,0,0
0.7745,0.0628090792378267,0,0,0
0.775,5.70909203396514e-15,0,0,0
0.7755,-0.0628090792378157,0,0,0
0.776,-0.125370279734624,0,0,0
0.7765,-0.187436701013553,0,0,0
0.777,-0.248763395265264,0,0,0
0.7775,-0.309108334045047,0,0,0
0.778,-0.368233363448519,0,0,0
0.7785,-0.425905143996282,0,0,0
0.779,-0.481896071518243,0,0,0
0.7795,-0.535985175403296,0,0,0
0.78,-0.587958990669367,0,0,0
0.7805,-0.637612400412176,0,0,0
0.781,-0.684749445307957,0,0,0
0.7815,-0.72918409697537,0,0,0
0.782,-0.770740992144548,0,0,0
0.7825,-0.809256124735796,0,0,0
0.783,-0.844577493116668,0,0,0
0.7835,-0.876565699982963,0,0,0
0.784,-0.9050945024962,0,0,0
0.7845,-0.930051310506431,0,0,0
0.785,-0.95133763089412,0,0,0
0.7855,-0.96886945627749,0,0,0
0.786,-0.982577596551285,0,0,0
0.7865,-0.992407951948495,0,0,0
0.787,-0.99832172654743,0,0,0
0.7875,-1.0002955813815,0,0,0
0.788,-0.99832172654743,0,0,0
0.7885,-0.992407951948495,0,0,0
0.789,-0.982577596551285,0,0,0
0.7895,-0.968869456277492,0,0,0
0.79,-0.951337630894121,0,0,0
0.7905,-0.930051310506433,0,0,0
0.791,-0.905094502496204,0,0,0
0.7915,-0.876565699982967,0,0,0
0.792,-0.844577493116673,0,0,0
0.7925,-0.809256124735801,0,0,0
0.793,-0.770740992144553,0,0,0
0.7935,-0.729184096975374,0,0,0
0.794,-0.68474944530796,0,0,0
0.7945,-0.63761240041218,0,0,0
0.795,-0.587958990669371,0,0,0
0.7955,-0.535985175403301,0,0,0
0.796,-0.48189607151825,0,0,0
0.7965,-0.425905143996289,0,0,0
0.797,-0.368233363448526,0,0,0
0.7975,-0.309108334045053,0,0,0
0.798,-0.248763395265269,0,0,0
0.7985,-0.187436701013558,0,0,0
0.799,-0.12537027973463,0,0,0
0.7995,-0.0628090792378224,0,0,0
0.8,-2.01020891488688e-15,0,0,0
0.8005,0.0628090792378187,0,0,0
0.801,0.125370279734627,0,0,0
0.8015,0.187436701013556,0,0,0
0.802,0.248763395265267,0,0,0
0.8025,0.309108334045051,0,0,0
0.803,0.368233363448523,0,0,0
0.8035,0.425905143996285,0,0,0
0.804,0.481896071518246,0,0,0
0.8045,0.535985175403297,0,0,0
0.805,0.587958990669367,0,0,0
0.8055,0.637612400412176,0,0,0
0.806,0.684749445307957,0,0,0
0.8065,0.729184096975371,0,0,0
0.807,0.77074099214455,0,0,0
0.8075,0.809256124735798,0,0,0
0.808,0.84457749311667,0,0,0
0.8085,0.876565699982965,0,0,0
0.809,0.905094502496202,0,0,0
0.8095,0.930051310506432,0,0,0
0.81,0.95133763089412,0,0,0
0.8105,0.968869456277491,0,0,0
0.811,0.982577596551285,0,0,0
0.8115,0.992407951948495,0,0,0
0.812,0.99832172654743,0,0,0
0.8125,1.0002955813815,0,0,0
0.813,0.99832172654743,0,0,0
0.8135,0.992407951948496,0,0,0
0.814,0.982577596551287,0,0,0
0.8145,0.968869456277494,0,0,0
0.815,0.951337630894123,0,0,0
0.8155,0.930051310506435,0,0,0
0.816,0.905094502496206,0,0,0
0.8165,0.876565699982968,0,0,0
0.817,0.844577493116675,0,0,0
0.8175,0.809256124735803,0,0,0
0.818,0.770740992144555,0,0,0
0.8185,0.729184096975377,0,0,0
0.819,0.684749445307963,0,0,0
0.8195,0.637612400412183,0,0,0
0.82,0.587958990669373,0,0,0
0.8205,0.535985175403304,0,0,0
0.821,0.481896071518253,0,0,0
0.8215,0.425905143996292,0,0,0
0.822,0.368233363448529,0,0,0
0.8225,0.309108334045056,0,0,0
0.823,0.248763395265272,0,0,0
0.8235,0.187436701013561,0,0,0
0.824,0.125370279734633,0,0,0
0.8245,0.0628090792378254,0,0,0
0.825,5.47253722455331e-15,0,0,0
0.8255,-0.0628090792378142,0,0,0
0.826,-0.125370279734621,0,0,0
0.8265,-0.187436701013549,0,0,0
0.827,-0.24876339526526,0,0,0
0.8275,-0.309108334045044,0,0,0
0.828,-0.368233363448518,0,0,0
0.8285,-0.425905143996281,0,0,0
0.829,-0.481896071518243,0,0,0
0.8295,-0.535985175403295,0,0,0
0.83,-0.587958990669364,0,0,0
0.8305,-0.637612400412173,0,0,0
0.831,-0.684749445307954,0,0,0
0.8315,-0.729184096975368,0,0,0
0.832,-0.770740992144547,0,0,0
0.8325,-0.809256124735796,0,0,0
0.833,-0.844577493116669,0,0,0
0.8335,-0.876565699982963,0,0,0
0.834,-0.9050945024962,0,0,0
0.8345,-0.930051310506431,0,0,0
0.835,-0.951337630894119,0,0,0
0.8355,-0.96886945627749,0,0,0
0.836,-0.982577596551284,0,0,0
0.8365,-0.992407951948494,0,0,0
0.837,-0.99832172654743,0,0,0
0.8375,-1.0002955813815,0,0,0
0.838,-0.998321726547431,0,0,0
0.8385,-0.992407951948496,0,0,0
0.839,-0.982577596551286,0,0,0
0.8395,-0.968869456277493,0,0,0
0.84,-0.951337630894122,0,0,0
0.8405,-0.930051310506434,0,0,0
0.841,-0.905094502496204,0,0,0
0.8415,-0.876565699982967,0,0,0
0.842,-0.844577493116673,0,0,0
0.8425,-0.809256124735801,0,0,0
0.843,-0.770740992144553,0,0,0
0.8435,-0.729184096975375,0,0,0
0.844,-0.684749445307961,0,0,0
0.8445,-0.63761240041218,0,0,0
0.845,-0.58795899066937,0,0,0
0.8455,-0.535985175403301,0,0,0
0.846,-0.481896071518249,0,0,0
0.8465,-0.425905143996289,0,0,0
0.847,-0.368233363448527,0,0,0
0.8475,-0.309108334045055,0,0,0
0.848,-0.248763395265272,0,0,0
0.8485,-0.187436701013561,0,0,0
0.849,-0.125370279734633,0,0,0
0.8495,-0.0628090792378242,0,0,0
0.85,-2.92665077517407e-15,0,0,0
0.8505,0.0628090792378179,0,0,0
0.851,0.125370279734626,0,0,0
0.8515,0.187436701013553,0,0,0
0.852,0.248763395265263,0,0,0
0.8525,0.309108334045047,0,0,0
0.853,0.36823336344852,0,0,0
0.8535,0.425905143996284,0,0,0
0.854,0.481896071518246,0,0,0
0.8545,0.535985175403298,0,0,0
0.855,0.587958990669368,0,0,0
0.8555,0.637612400412176,0,0,0
0.856,0.684749445307956,0,0,0
0.8565,0.729184096975369,0,0,0
0.857,0.770740992144547,0,0,0
0.8575,0.809256124735796,0,0,0
0.858,0.844577493116669,0,0,0
0.8585,0.876565699982964,0,0,0
0.859,0.905094502496201,0,0,0
0.8595,0.930051310506432,0,0,0
0.86,0.95133763089412,0,0,0
0.8605,0.968869456277491,0,0,0
0.861,0.982577596551284,0,0,0
0.8615,0.992407951948495,0,0,0
0.862,0.99832172654743,0,0,0
0.8625,1.0002955813815,0,0,0
0.863,0.99832172654743,0,0,0
0.8635,0.992407951948495,0,0,0
0.864,0.982577596551285,0,0,0
0.8645,0.968869456277492,0,0,0
0.865,0.951337630894122,0,0,0
0.8655,0.930051310506434,0,0,0
0.866,0.905094502496204,0,0,0
0.8665,0.876565699982967,0,0,0
0.867,0.844577493116672,0,0,0
0.8675,0.8092561247358,0,0,0
0.868,0.770740992144551,0,0,0
0.8685,0.729184096975373,0,0,0
0.869,0.68474944530796,0,0,0
0.8695,0.63761240041218,0,0,0
0.87,0.587958990669371,0,0,0
0.8705,0.535985175403301,0,0,0
0.871,0.481896071518249,0,0,0
0.8715,0.425905143996287,0,0,0
0.872,0.368233363448524,0,0,0
0.8725,0.309108334045051,0,0,0
0.873,0.248763395265268,0,0,0
0.8735,0.187436701013557,0,0,0
0.874,0.12537027973463,0,0,0
0.8745,0.0628090792378231,0,0,0
0.875,3.49860999999339e-15,0,0,0
0.8755,-0.0628090792378161,0,0,0
0.876,-0.125370279734623,0,0,0
0.8765,-0.18743670101355,0,0,0
0.877,-0.248763395265259,0,0,0
0.8775,-0.309108334045042,0,0,0
0.878,-0.368233363448515,0,0,0
0.8785,-0.425905143996278,0,0,0
0.879,-0.481896071518239,0,0,0
0.8795,-0.535985175403292,0,0,0
0.88,-0.587958990669363,0,0,0
0.8805,-0.637612400412173,0,0,0
0.881,-0.684749445307953,0,0,0
0.8815,-0.729184096975367,0,0,0
0.882,-0.770740992144545,0,0,0
0.8825,-0.809256124735794,0,0,0
0.883,-0.844577493116666,0,0,0
0.8835,-0.876565699982962,0,0,0
0.884,-0.9050945024962,0,0,0
0.8845,-0.930051310506431,0,0,0
0.885,-0.951337630894119,0,0,0
0.8855,-0.96886945627749,0,0,0
0.886,-0.982577596551284,0,0,0
0.8865,-0.992407951948494,0,0,0
0.887,-0.99832172654743,0,0,0
0.8875,-1.0002955813815,0,0,0
0.888,-0.998321726547431,0,0,0
0.8885,-0.992407951948495,0,0,0
0.889,-0.982577596551286,0,0,0
0.8895,-0.968869456277493,0,0,0
0.89,-0.951337630894123,0,0,0
0.8905,-0.930051310506435,0,0,0
0.891,-0.905094502496206,0,0,0
0.8915,-0.876565699982969,0,0,0
0.892,-0.844577493116674,0,0,0
0.8925,-0.809256124735802,0,0,0
0.893,-0.770740992144553,0,0,0
0.8935,-0.729184096975375,0,0,0
0.894,-0.684749445307962,0,0,0
0.8945,-0.637612400412183,0,0,0
0.895,-0.587958990669374,0,0,0
0.8955,-0.535985175403304,0,0,0
0.896,-0.481896071518252,0,0,0
0.8965,-0.42590514399629,0,0,0
0.897,-0.368233363448527,0,0,0
0.8975,-0.309108334045054,0,0,0
0.898,-0.248763395265271,0,0,0
0.8985,-0.187436701013561,0,0,0
0.899,-0.125370279734634,0,0,0
0.8995,-0.0628090792378274,0,0,0
0.9,-6.93434276459761e-15,0,0,0
0.9005,0.0628090792378141,0,0,0
0.901,0.125370279734623,0,0,0
0.9015,0.187436701013551,0,0,0
0.902,0.248763395265263,0,0,0
0.9025,0.309108334045046,0,0,0
0.903,0.368233363448519,0,0,0
0.9035,0.425905143996281,0,0,0
0.904,0.481896071518242,0,0,0
0.9045,0.535985175403295,0,0,0
0.905,0.587958990669365,0,0,0
0.9055,0.637612400412175,0,0,0
0.906,0.684749445307955,0,0,0
0.9065,0.72918409697537,0,0,0
0.907,0.770740992144548,0,0,0
0.9075,0.809256124735796,0,0,0
0.908,0.844577493116668,0,0,0
0.9085,0.876565699982963,0,0,0
0.909,0.905094502496201,0,0,0
0.9095,0.930051310506432,0,0,0
0.91,0.95133763089412,0,0,0
0.9105,0.968869456277491,0,0,0
0.911,0.982577596551284,0,0,0
0.9115,0.992407951948494,0,0,0
0.912,0.99832172654743,0,0,0
0.9125,1.0002955813815,0,0,0
0.913,0.99832172654743,0,0,0
0.9135,0.992407951948496,0,0,0
0.914,0.982577596551285,0,0,0
0.9145,0.968869456277492,0,0,0
0.915,0.951337630894122,0,0,0
0.9155,0.930051310506434,0,0,0
0.916,0.905094502496204,0,0,0
0.9165,0.876565699982967,0,0,0
0.917,0.844577493116673,0,0,0
0.9175,0.8092561247358,0,0,0
0.918,0.770740992144552,0,0,0
0.9185,0.729184096975373,0,0,0
0.919,0.684749445307959,0,0,0
0.9195,0.63761240041218,0,0,0
0.92,0.587958990669371,0,0,0
0.9205,0.535985175403302,0,0,0
0.921,0.481896071518251,0,0,0
0.9215,0.42590514399629,0,0,0
0.922,0.368233363448527,0,0,0
0.9225,0.309108334045054,0,0,0
0.923,0.24876339526527,0,0,0
0.9235,0.187436701013559,0,0,0
0.924,0.125370279734631,0,0,0
0.9245,0.0628090792378231,0,0,0
0.925,2.79231911257021e-15,0,0,0
0.9255,-0.0628090792378176,0,0,0
0.926,-0.125370279734626,0,0,0
0.9265,-0.187436701013554,0,0,0
0.927,-0.248763395265266,0,0,0
0.9275,-0.30910833404505,0,0,0
0.928,-0.368233363448522,0,0,0
0.9285,-0.425905143996285,0,0,0
0.929,-0.481896071518246,0,0,0
0.9295,-0.535985175403297,0,0,0
0.93,-0.587958990669366,0,0,0
0.9305,-0.637612400412175,0,0,0
0.931,-0.684749445307956,0,0,0
0.9315,-0.72918409697537,0,0,0
0.932,-0.770740992144549,0,0,0
0.9325,-0.809256124735798,0,0,0
0.933,-0.84457749311667,0,0,0
0.9335,-0.876565699982965,0,0,0
0.934,-0.905094502496202,0,0,0
0.9345,-0.930051310506432,0,0,0
0.935,-0.95133763089412,0,0,0
0.9355,-0.968869456277491,0,0,0
0.936,-0.982577596551285,0,0,0
0.9365,-0.992407951948495,0,0,0
0.937,-0.998321726547431,0,0,0
0.9375,-1.0002955813815,0,0,0
0.938,-0.998321726547431,0,0,0
0.9385,-0.992407951948496,0,0,0
0.939,-0.982577596551286,0,0,0
0.9395,-0.968869456277493,0,0,0
0.94,-0.951337630894123,0,0,0
0.9405,-0.930051310506435,0,0,0
0.941,-0.905094502496205,0,0,0
0.9415,-0.876565699982968,0,0,0
0.942,-0.844577493116675,0,0,0
0.9425,-0.809256124735804,0,0,0
0.943,-0.770740992144556,0,0,0
0.9435,-0.729184096975378,0,0,0
0.944,-0.684749445307964,0,0,0
0.9445,-0.637612400412184,0,0,0
0.945,-0.587958990669374,0,0,0
0.9455,-0.535985175403305,0,0,0
0.946,-0.481896071518253,0,0,0
0.9465,-0.425905143996293,0,0,0
0.947,-0.36823336344853,0,0,0
0.9475,-0.309108334045058,0,0,0
0.948,-0.248763395265274,0,0,0
0.9485,-0.187436701013563,0,0,0
0.949,-0.125370279734634,0,0,0
0.9495,-0.062809079237826,0,0,0
0.95,-5.63934107107881e-15,0,0,0
0.9505,0.0628090792378142,0,0,0
0.951,0.125370279734621,0,0,0
0.9515,0.187436701013548,0,0,0
0.952,0.248763395265259,0,0,0
0.9525,0.309108334045043,0,0,0
0.953,0.368233363448516,0,0,0
0.9535,0.42590514399628,0,0,0
0.954,0.481896071518242,0,0,0
0.9545,0.535985175403294,0,0,0
0.955,0.587958990669364,0,0,0
0.9555,0.637612400412173,0,0,0
0.956,0.684749445307953,0,0,0
0.9565,0.729184096975367,0,0,0
0.957,0.770740992144546,0,0,0
0.9575,0.809256124735795,0,0,0
0.958,0.844577493116668,0,0,0
0.9585,0.876565699982963,0,0,0
0.959,0.9050945024962,0,0,0
0.9595,0.930051310506431,0,0,0
0.96,0.951337630894119,0,0,0
0.9605,0.96886945627749,0,0,0
0.961,0.982577596551284,0,0,0
0.9615,0.992407951948494,0,0,0
0.962,0.99832172654743,0,0,0
0.9625,1.0002955813815,0,0,0
0.963,0.998321726547431,0,0,0
0.9635,0.992407951948496,0,0,0
0.964,0.982577596551286,0,0,0
0.9645,0.968869456277493,0,0,0
0.965,0.951337630894123,0,0,0
0.9655,0.930051310506435,0,0,0
0.966,0.905094502496204,0,0,0
0.9665,0.876565699982967,0,0,0
0.967,0.844577493116673,0,0,0
0.9675,0.809256124735802,0,0,0
0.968,0.770740992144553,0,0,0
0.9685,0.729184096975376,0,0,0
0.969,0.684749445307962,0,0,0
0.9695,0.637612400412182,0,0,0
0.97,0.587958990669372,0,0,0
0.9705,0.535985175403302,0,0,0
0.971,0.48189607151825,0,0,0
0.9715,0.425905143996289,0,0,0
0.972,0.368233363448527,0,0,0
0.9725,0.309108334045056,0,0,0
0.973,0.248763395265273,0,0,0
0.9735,0.187436701013563,0,0,0
0.974,0.125370279734634,0,0,0
0.9745,0.0628090792378259,0,0,0
0.975,4.40801716400193e-15,0,0,0
0.9755,-0.0628090792378168,0,0,0
0.976,-0.125370279734625,0,0,0
0.9765,-0.187436701013552,0,0,0
0.977,-0.248763395265263,0,0,0
0.9775,-0.309108334045046,0,0,0
0.978,-0.368233363448519,0,0,0
0.9785,-0.425905143996283,0,0,0
0.979,-0.481896071518244,0,0,0
0.9795,-0.535985175403297,0,0,0
0.98,-0.587958990669367,0,0,0
0.9805,-0.637612400412176,0,0,0
0.981,-0.684749445307956,0,0,0
0.9815,-0.72918409697537,0,0,0
0.982,-0.770740992144548,0,0,0
0.9825,-0.809256124735797,0,0,0
0.983,-0.844565290678844,0,0,0
0.9835,-0.876544391146878,0,0,0
0.984,-0.905096170702665,0,0,0
0.9845,-0.930113732726058,0,0,0
0.985,-0.951462481031096,0,0,0
0.9855,-0.968987649593747,0,0,0
0.986,-0.982565772319976,0,0,0
0.9865,-0.992172256624115,0,0,0
0.987,-0.99790531346822,0,0,0
0.9875,-0.99991911828206,0,0,0
0.988,-0.998283648065935,0,0,0
0.9885,-0.992865653968759,0,0,0
0.989,-0.983347903804043,0,0,0
0.9895,-0.969429890969762,0,0,0
0.99,-0.951111838873764,0,0,0
0.9905,-0.928854108452809,0,0,0
0.991,-0.903431563779308,0,0,0
0.9915,-0.875490604038084,0,0,0
0.992,-0.84506198799647,0,0,0
0.9925,-0.811403012690383,0,0,0
0.993,-0.773403092316359,0,0,0
0.9935,-0.730420731778738,0,0,0
0.994,-0.68304699182889,0,0,0
0.9945,-0.633193397597864,0,0,0
0.995,-0.583226331723452,0,0,0
0.9955,-0.534483740357568,0,0,0
0.996,-0.486042132094015,0,0,0
0.9965,-0.434660678635841,0,0,0
0.997,-0.37627576210048,0,0,0
0.9975,-0.308506745845052,0,0,0
0.998,-0.232895612374033,0,0,0
0.9985,-0.155535426777319,0,0,0
0.999,-0.0854739338519653,0,0,0
0.9995,-0.0314497540318545,0,0,0
1,0.00153040314562446,0,0,0
1.0005,0.0141024196080079,0,0,0
1.001,0.0120197858254173,0,0,0
1.0015,0.00351627690543513,0,0,0
1.002,-0.00407557432281688,0,0,0
1.0025,-0.00681064862608495,0,0,0
1.003,-0.00469131805453881,0,0,0
1.0035,-0.000359916654986226,0,0,0
1.004,0.0030896622021499,0,0,0
1.0045,0.00391690988405163,0,0,0
1.005,0.00233139473459443,0,0,0
1.0055,-0.000136541943791379,0,0,0
1.006,-0.00184442434881262,0,0,0
1.0065,-0.00200641597287062,0,0,0
1.007,-0.000928351987085307,0,0,0
1.0075,0.00044767742064178,0,0,0
1.008,0.00125414804486082,0,0,0
1.0085,0.00118332724922003,0,0,0
1.009,0.000517099994743084,0,0,0
1.0095,-0.000198894843322065,0,0,0
1.01,-0.000548262850771845,0,0,0
1.0105,-0.000449890783360321,0,0,0
1.011,-0.00010483447145894,0,0,0
1.0115,0.000209342812538204,0,0,0
1.012,0.000326257381221954,0,0,0
1.0125,0.00025096690874874,0,0,0
1.013,9.62625050370702e-05,0,0,0
1.0135,-2.43058543011636e-05,0,0,0
1.014,-6.45130348616113e-05,0,0,0
1.0145,-4.52727647657833e-05,0,0,0
1.015,-1.19114214369205e-05,0,0,0
1.0155,2.84504854069683e-07,0,0,0
1.016,2.76870508587034e-07,0,0,0
1.0165,2.68143481697097e-07,0,0,0
1.017,2.58358214988005e-07,0,0,0
1.0175,2.47553326436997e-07,0,0,0
1.018,2.35771458002899e-07,0,0,0
1.0185,2.23059107337796e-07,0,0,0
1.019,2.09466444282044e-07,0,0,0
1.0195,1.95047112866826e-07,0,0,0
1.02,1.79858019605673e-07,0,0,0
1.0205,1.63959108910449e-07,0,0,0
1.021,1.47413126518148e-07,0,0,0
1.0215,1.30285371862131e-07,0,0,0
1.022,1.12643440365098e-07,0,0,0
1.0225,9.45569566708374e-08,0,0,0
1.023,7.60972998675609e-08,0,0,0
1.0235,5.73373217872563e-08,0,0,0
1.024,3.8351059492788e-08,0,0,0
1.0245,1.92134430874341e-08,0,0,0
1.025,1.350380744847e-21,0,0,0
1.0255,-1.92134430874314e-08,0,0,0
1.026,-3.83510594927851e-08,0,0,0
1.0265,-5.73373217872531e-08,0,0,0
1.027,-7.60972998675573e-08,0,0,0
1.0275,-9.45569566708333e-08,0,0,0
1.028,-1.12643440365094e-07,0,0,0
1.0285,-1.30285371862126e-07,0,0,0
1.029,-1.47413126518143e-07,0,0,0
1.0295,-1.63959108910445e-07,0,0,0
1.03,-1.79858019605669e-07,0,0,0
1.0305,-1.95047112866823e-07,0,0,0
1.031,-2.09466444282042e-07,0,0,0
1.0315,-2.23059107337794e-07,0,0,0
1.032,-2.35771458002897e-07,0,0,0
1.0325,-2.47553326436995e-07,0,0,0
1.033,-2.58358214988004e-07,0,0,0
1.0335,-2.68143481697095e-07,0,0,0
1.034,-2.76870508587033e-07,0,0,0
1.0345,-2.84504854069681e-07,0,0,0
1.035,-2.9101638887122e-07,0,0,0
1.0355,-2.96379414938626e-07,0,0,0
1.036,-3.00572766858145e-07,0,0,0
1.0365,-3.03579895385509e-07,0,0,0
1.037,-3.05388932758248e-07,0,0,0
1.0375,-3.05992739532323e-07,0,0,0
1.038,-3.05388932758248e-07,0,0,0
1.0385,-3.03579895385509e-07,0,0,0
1.039,-3.00572766858145e-07,0,0,0
1.0395,-2.96379414938627e-07,0,0,0
1.04,-2.91016388871221e-07,0,0,0
1.0405,-2.84504854069683e-07,0,0,0
1.041,-2.76870508587035e-07,0,0,0
1.0415,-2.68143481697097e-07,0,0,0
1.042,-2.58358214988005e-07,0,0,0
1.0425,-2.47553326436997e-07,0,0,0
1.043,-2.35771458002898e-07,0,0,0
1.0435,-2.23059107337795e-07,0,0,0
1.044,-2.09466444282043e-07,0,0,0
1.0445,-1.95047112866825e-07,0,0,0
1.045,-1.79858019605672e-07,0,0,0
1.0455,-1.63959108910448e-07,0,0,0
1.046,-1.47413126518147e-07,0,0,0
1.0465,-1.3028537186213e-07,0,0,0
1.047,-1.12643440365097e-07,0,0,0
1.0475,-9.45569566708364e-08,0,0,0
1.048,-7.60972998675598e-08,0,0,0
1.0485,-5.73373217872552e-08,0,0,0
1.049,-3.83510594927869e-08,0,0,0
1.0495,-1.92134430874331e-08,0,0,0
1.05,-3.54850695599806e-22,0,0,0
1.0505,1.92134430874324e-08,0,0,0
1.051,3.83510594927861e-08,0,0,0
1.0515,5.73373217872542e-08,0,0,0
1.052,7.60972998675583e-08,0,0,0
1.0525,9.45569566708343e-08,0,0,0
1.053,1.12643440365095e-07,0,0,0
1.0535,1.30285371862127e-07,0,0,0
1.054,1.47413126518144e-07,0,0,0
1.0545,1.63959108910446e-07,0,0,0
1.055,1.7985801960567e-07,0,0,0
1.0555,1.95047112866824e-07,0,0,0
1.056,2.09466444282042e-07,0,0,0
1.0565,2.23059107337795e-07,0,0,0
1.057,2.35771458002898e-07,0,0,0
1.0575,2.47553326436996e-07,0,0,0
1.058,2.58358214988004e-07,0,0,0
1.0585,2.68143481697096e-07,0,0,0
1.059,2.76870508587033e-07,0,0,0
1.0595,2.84504854069681e-07,0,0,0
1.06,2.91016388871221e-07,0,0,0
1.0605,2.96379414938627e-07,0,0,0
1.061,3.00572766858145e-07,0,0,0
1.0615,3.03579895385509e-07,0,0,0
1.062,3.05388932758248e-07,0,0,0
1.0625,3.05992739532323e-07,0,0,0
1.063,3.05388932758248e-07,0,0,0
1.0635,3.03579895385509e-07,0,0,0
1.064,3.00572766858145e-07,0,0,0
1.0645,2.96379414938628e-07,0,0,0
1.065,2.91016388871222e-07,0,0,0
1.0655,2.84504854069683e-07,0,0,0
1.066,2.76870508587035e-07,0,0,0
1.0665,2.68143481697098e-07,0,0,0
1.067,2.58358214988006e-07,0,0,0
1.0675,2.47553326436997e-07,0,0,0
1.068,2.35771458002899e-07,0,0,0
1.0685,2.23059107337796e-07,0,0,0
1.069,2.09466444282044e-07,0,0,0
1.0695,1.95047112866826e-07,0,0,0
1.07,1.79858019605672e-07,0,0,0
1.0705,1.63959108910449e-07,0,0,0
1.071,1.47413126518148e-07,0,0,0
1.0715,1.30285371862131e-07,0,0,0
1.072,1.12643440365099e-07,0,0,0
1.0725,9.45569566708376e-08,0,0,0
1.073,7.6097299867561e-08,0,0,0
1.0735,5.73373217872562e-08,0,0,0
1.074,3.83510594927877e-08,0,0,0
1.0745,1.92134430874338e-08,0,0,0
1.075,1.36561710570594e-21,0,0,0
1.0755,-1.92134430874307e-08,0,0,0
1.076,-3.83510594927837e-08,0,0,0
1.0765,-5.73373217872511e-08,0,0,0
1.077,-7.60972998675549e-08,0,0,0
1.0775,-9.45569566708313e-08,0,0,0
1.078,-1.12643440365092e-07,0,0,0
1.0785,-1.30285371862125e-07,0,0,0
1.079,-1.47413126518143e-07,0,0,0
1.0795,-1.63959108910446e-07,0,0,0
1.08,-1.7985801960567e-07,0,0,0
1.0805,-1.95047112866824e-07,0,0,0
1.081,-2.09466444282042e-07,0,0,0
1.0815,-2.23059107337794e-07,0,0,0
1.082,-2.35771458002897e-07,0,0,0
1.0825,-2.47553326436995e-07,0,0,0
1.083,-2.58358214988004e-07,0,0,0
1.0835,-2.68143481697095e-07,0,0,0
1.084,-2.76870508587033e-07,0,0,0
1.0845,-2.84508594205172e-07,0,0,0
1.085,-2.91026638163664e-07,0,0,0
1.0855,-2.96392832335309e-07,0,0,0
1.086,-3.00577221204412e-07,0,0,0
1.0865,-3.03559473271766e-07,0,0,0
1.087,-3.0533685885889e-07,0,0,0
1.0875,-3.05924176202681e-07,0,0,0
1.088,-3.05340944001391e-07,0,0,0
1.0885,-3.0359126119277e-07,0,0,0
1.089,-3.00651465244832e-07,0,0,0
1.0895,-2.96480684275783e-07,0,0,0
1.09,-2.91055467723064e-07,0,0,0
1.0905,-2.84408866019666e-07,0,0,0
1.091,-2.7664239070629e-07,0,0,0
1.0915,-2.67889933960017e-07,0,0,0
1.092,-2.58245002407523e-07,0,0,0
1.0925,-2.47696939508541e-07,0,0,0
1.093,-2.36130532457481e-07,0,0,0
1.0935,-2.23411166622245e-07,0,0,0
1.094,-2.09517455828621e-07,0,0,0
1.0945,-1.94633928554062e-07,0,0,0
1.095,-1.79119256910465e-07,0,0,0
1.0955,-1.63333352433483e-07,0,0,0
1.096,-1.47406770488669e-07,0,0,0
1.0965,-1.31103891219889e-07,0,0,0
1.097,-1.13910955723029e-07,0,0,0
1.0975,-9.53646854174953e-08,0,0,0
1.098,-7.54841244933862e-08,0,0,0
1.0985,-5.50704540542734e-08,0,0,0
1.099,-3.56688358032262e-08,0,0,0
1.0995,-1.91438306737773e-08,0,0,0
